P hips -0.0000 0.8308 -0.0000
P neck -0.0000 1.4132 -0.0000
P shoulderL -0.1498 1.4077 -0.0000
P elbowL -0.4299 1.2135 -0.0028
P wristL -0.5990 1.0638 0.0166
P hipL -0.1109 0.8641 -0.0000
P kneeL -0.1442 0.5258 0.0055
P ankleL -0.1719 0.0709 -0.0222
P shoulderR 0.1498 1.4077 -0.0000
P elbowR 0.4299 1.2135 -0.0028
P wristR 0.5990 1.0638 0.0166
P hipR 0.1109 0.8641 -0.0000
P kneeR 0.1442 0.5258 0.0055
P ankleR 0.1719 0.0709 -0.0222
T 490
0.6243 1.0354 0.0236 -0.547 0.048 0.836 0.359 0.390 0.412 3 1.000 1.000 0
0.6720 1.0196 0.0558 -0.547 0.048 0.836 0.359 0.390 0.412 3 1.000 1.000 0
0.6258 1.0572 0.0233 -0.547 0.048 0.836 0.359 0.390 0.412 3 1.000 1.000 0
0.6243 1.0354 0.0236 -0.280 0.631 0.724 0.366 0.397 0.420 3 1.000 1.000 0
0.6469 1.0122 0.0525 -0.280 0.631 0.724 0.366 0.397 0.420 3 1.000 1.000 0
0.6720 1.0196 0.0558 -0.280 0.631 0.724 0.366 0.397 0.420 3 1.000 1.000 0
0.6258 1.0572 0.0233 -0.562 0.031 -0.827 0.368 0.400 0.423 3 1.000 1.000 0
0.6595 1.0132 -0.0012 -0.562 0.031 -0.827 0.368 0.400 0.423 3 1.000 1.000 0
0.6243 1.0354 0.0236 -0.562 0.031 -0.827 0.368 0.400 0.423 3 1.000 1.000 0
0.6639 1.0124 0.0294 0.506 0.861 -0.052 0.446 0.482 0.503 3 1.000 1.000 0
0.6595 1.0132 -0.0012 0.506 0.861 -0.052 0.446 0.482 0.503 3 1.000 1.000 0
0.6243 1.0354 0.0236 0.506 0.861 -0.052 0.446 0.482 0.503 3 1.000 1.000 0
0.6720 1.0196 0.0558 0.505 0.780 -0.369 0.439 0.474 0.497 3 1.000 1.000 0
0.6639 1.0124 0.0294 0.505 0.780 -0.369 0.439 0.474 0.497 3 1.000 1.000 0
0.6243 1.0354 0.0236 0.505 0.780 -0.369 0.439 0.474 0.497 3 1.000 1.000 0
0.6639 1.0124 0.0294 -0.436 -0.837 -0.330 0.376 0.414 0.435 3 1.000 1.000 0
0.6469 1.0122 0.0525 -0.436 -0.837 -0.330 0.376 0.414 0.435 3 1.000 1.000 0
0.6243 1.0354 0.0236 -0.436 -0.837 -0.330 0.376 0.414 0.435 3 1.000 1.000 0
0.6639 1.0124 0.0294 -0.613 -0.643 -0.459 0.379 0.414 0.436 3 1.000 1.000 0
0.6807 0.9764 0.0575 -0.613 -0.643 -0.459 0.379 0.414 0.436 3 1.000 1.000 0
0.6469 1.0122 0.0525 -0.613 -0.643 -0.459 0.379 0.414 0.436 3 1.000 1.000 0
0.6639 1.0124 0.0294 -0.276 0.507 0.816 0.342 0.374 0.403 3 1.000 1.000 0
0.6643 0.9934 0.0414 -0.276 0.507 0.816 0.342 0.374 0.403 3 1.000 1.000 0
0.6807 0.9764 0.0575 -0.276 0.507 0.816 0.342 0.374 0.403 3 1.000 1.000 0
0.6469 1.0122 0.0525 -0.132 0.013 0.991 0.304 0.335 0.355 3 1.000 1.000 0
0.6807 0.9764 0.0575 -0.132 0.013 0.991 0.304 0.335 0.355 3 1.000 1.000 0
0.6720 1.0196 0.0558 -0.132 0.013 0.991 0.304 0.335 0.355 3 1.000 1.000 0
0.6595 1.0132 -0.0012 -0.566 -0.822 0.062 0.298 0.323 0.347 3 1.000 1.000 0
0.7196 0.9735 0.0215 -0.566 -0.822 0.062 0.298 0.323 0.347 3 1.000 1.000 0
0.6639 1.0124 0.0294 -0.566 -0.822 0.062 0.298 0.323 0.347 3 1.000 1.000 0
0.6595 1.0132 -0.0012 -0.596 -0.767 0.236 0.341 0.372 0.396 3 1.000 1.000 0
0.7177 0.9668 -0.0049 -0.596 -0.767 0.236 0.341 0.372 0.396 3 1.000 1.000 0
0.7196 0.9735 0.0215 -0.596 -0.767 0.236 0.341 0.372 0.396 3 1.000 1.000 0
0.6639 1.0124 0.0294 0.619 0.782 -0.070 0.430 0.466 0.490 3 1.000 1.000 0
0.7177 0.9668 -0.0049 0.619 0.782 -0.070 0.430 0.466 0.490 3 1.000 1.000 0
0.6595 1.0132 -0.0012 0.619 0.782 -0.070 0.430 0.466 0.490 3 1.000 1.000 0
0.6639 1.0124 0.0294 0.533 0.811 -0.243 0.398 0.428 0.469 3 1.000 1.000 0
0.7196 0.9735 0.0215 0.533 0.811 -0.243 0.398 0.428 0.469 3 1.000 1.000 0
0.7177 0.9668 -0.0049 0.533 0.811 -0.243 0.398 0.428 0.469 3 1.000 1.000 0
0.7196 0.9735 0.0215 0.864 0.470 -0.179 0.295 0.322 0.398 3 1.000 1.000 0
0.7371 0.9315 -0.0038 0.864 0.470 -0.179 0.295 0.322 0.398 3 1.000 1.000 0
0.7177 0.9668 -0.0049 0.864 0.470 -0.179 0.295 0.322 0.398 3 1.000 1.000 0
0.7196 0.9735 0.0215 0.831 0.497 -0.249 0.196 0.200 0.309 3 1.000 1.000 0
0.7392 0.9382 0.0165 0.831 0.497 -0.249 0.196 0.200 0.309 3 1.000 1.000 0
0.7371 0.9315 -0.0038 0.831 0.497 -0.249 0.196 0.200 0.309 3 1.000 1.000 0
0.7196 0.9735 0.0215 0.876 0.478 0.068 0.244 0.258 0.340 3 1.000 1.000 0
0.7567 0.9037 0.0339 0.876 0.478 0.068 0.244 0.258 0.340 3 1.000 1.000 0
0.7392 0.9382 0.0165 0.876 0.478 0.068 0.244 0.258 0.340 3 1.000 1.000 0
0.6720 1.0196 0.0558 0.927 0.172 -0.333 0.423 0.452 0.511 3 1.000 1.000 0
0.6807 0.9764 0.0575 0.927 0.172 -0.333 0.423 0.452 0.511 3 1.000 1.000 0
0.6639 1.0124 0.0294 0.927 0.172 -0.333 0.423 0.452 0.511 3 1.000 1.000 0
0.7177 0.9668 -0.0049 -0.847 -0.498 0.185 0.296 0.318 0.381 3 1.000 1.000 0
0.7392 0.9382 0.0165 -0.847 -0.498 0.185 0.296 0.318 0.381 3 1.000 1.000 0
0.7196 0.9735 0.0215 -0.847 -0.498 0.185 0.296 0.318 0.381 3 1.000 1.000 0
0.7177 0.9668 -0.0049 -0.854 -0.462 0.239 0.313 0.334 0.401 3 1.000 1.000 0
0.7371 0.9315 -0.0038 -0.854 -0.462 0.239 0.313 0.334 0.401 3 1.000 1.000 0
0.7392 0.9382 0.0165 -0.854 -0.462 0.239 0.313 0.334 0.401 3 1.000 1.000 0
-0.6243 1.0354 0.0236 0.280 0.631 0.724 0.366 0.397 0.420 2 1.000 1.000 0
-0.6720 1.0196 0.0558 0.280 0.631 0.724 0.366 0.397 0.420 2 1.000 1.000 0
-0.6469 1.0122 0.0525 0.280 0.631 0.724 0.366 0.397 0.420 2 1.000 1.000 0
-0.6243 1.0354 0.0236 0.547 0.048 0.836 0.359 0.390 0.412 2 1.000 1.000 0
-0.6258 1.0572 0.0233 0.547 0.048 0.836 0.359 0.390 0.412 2 1.000 1.000 0
-0.6720 1.0196 0.0558 0.547 0.048 0.836 0.359 0.390 0.412 2 1.000 1.000 0
-0.6258 1.0572 0.0233 0.562 0.031 -0.827 0.368 0.400 0.423 2 1.000 1.000 0
-0.6243 1.0354 0.0236 0.562 0.031 -0.827 0.368 0.400 0.423 2 1.000 1.000 0
-0.6595 1.0132 -0.0012 0.562 0.031 -0.827 0.368 0.400 0.423 2 1.000 1.000 0
-0.6639 1.0124 0.0294 -0.506 0.861 -0.052 0.446 0.482 0.503 2 1.000 1.000 0
-0.6243 1.0354 0.0236 -0.506 0.861 -0.052 0.446 0.482 0.503 2 1.000 1.000 0
-0.6595 1.0132 -0.0012 -0.506 0.861 -0.052 0.446 0.482 0.503 2 1.000 1.000 0
-0.6720 1.0196 0.0558 -0.505 0.780 -0.369 0.439 0.474 0.497 2 1.000 1.000 0
-0.6243 1.0354 0.0236 -0.505 0.780 -0.369 0.439 0.474 0.497 2 1.000 1.000 0
-0.6639 1.0124 0.0294 -0.505 0.780 -0.369 0.439 0.474 0.497 2 1.000 1.000 0
-0.6639 1.0124 0.0294 0.436 -0.837 -0.330 0.376 0.414 0.435 2 1.000 1.000 0
-0.6243 1.0354 0.0236 0.436 -0.837 -0.330 0.376 0.414 0.435 2 1.000 1.000 0
-0.6469 1.0122 0.0525 0.436 -0.837 -0.330 0.376 0.414 0.435 2 1.000 1.000 0
-0.6639 1.0124 0.0294 0.276 0.507 0.816 0.342 0.374 0.403 2 1.000 1.000 0
-0.6807 0.9764 0.0575 0.276 0.507 0.816 0.342 0.374 0.403 2 1.000 1.000 0
-0.6643 0.9934 0.0414 0.276 0.507 0.816 0.342 0.374 0.403 2 1.000 1.000 0
-0.6639 1.0124 0.0294 0.613 -0.643 -0.459 0.379 0.414 0.436 2 1.000 1.000 0
-0.6469 1.0122 0.0525 0.613 -0.643 -0.459 0.379 0.414 0.436 2 1.000 1.000 0
-0.6807 0.9764 0.0575 0.613 -0.643 -0.459 0.379 0.414 0.436 2 1.000 1.000 0
-0.6469 1.0122 0.0525 0.132 0.013 0.991 0.304 0.335 0.355 2 1.000 1.000 0
-0.6720 1.0196 0.0558 0.132 0.013 0.991 0.304 0.335 0.355 2 1.000 1.000 0
-0.6807 0.9764 0.0575 0.132 0.013 0.991 0.304 0.335 0.355 2 1.000 1.000 0
-0.6595 1.0132 -0.0012 0.596 -0.767 0.236 0.341 0.372 0.396 2 1.000 1.000 0
-0.7196 0.9735 0.0215 0.596 -0.767 0.236 0.341 0.372 0.396 2 1.000 1.000 0
-0.7177 0.9668 -0.0049 0.596 -0.767 0.236 0.341 0.372 0.396 2 1.000 1.000 0
-0.6595 1.0132 -0.0012 0.566 -0.822 0.062 0.298 0.323 0.347 2 1.000 1.000 0
-0.6639 1.0124 0.0294 0.566 -0.822 0.062 0.298 0.323 0.347 2 1.000 1.000 0
-0.7196 0.9735 0.0215 0.566 -0.822 0.062 0.298 0.323 0.347 2 1.000 1.000 0
-0.6639 1.0124 0.0294 -0.533 0.811 -0.243 0.398 0.428 0.469 2 1.000 1.000 0
-0.7177 0.9668 -0.0049 -0.533 0.811 -0.243 0.398 0.428 0.469 2 1.000 1.000 0
-0.7196 0.9735 0.0215 -0.533 0.811 -0.243 0.398 0.428 0.469 2 1.000 1.000 0
-0.6639 1.0124 0.0294 -0.619 0.782 -0.070 0.430 0.466 0.490 2 1.000 1.000 0
-0.6595 1.0132 -0.0012 -0.619 0.782 -0.070 0.430 0.466 0.490 2 1.000 1.000 0
-0.7177 0.9668 -0.0049 -0.619 0.782 -0.070 0.430 0.466 0.490 2 1.000 1.000 0
-0.7196 0.9735 0.0215 -0.831 0.497 -0.249 0.196 0.200 0.309 2 1.000 1.000 0
-0.7371 0.9315 -0.0038 -0.831 0.497 -0.249 0.196 0.200 0.309 2 1.000 1.000 0
-0.7392 0.9382 0.0165 -0.831 0.497 -0.249 0.196 0.200 0.309 2 1.000 1.000 0
-0.7196 0.9735 0.0215 -0.864 0.470 -0.179 0.295 0.322 0.398 2 1.000 1.000 0
-0.7177 0.9668 -0.0049 -0.864 0.470 -0.179 0.295 0.322 0.398 2 1.000 1.000 0
-0.7371 0.9315 -0.0038 -0.864 0.470 -0.179 0.295 0.322 0.398 2 1.000 1.000 0
-0.7196 0.9735 0.0215 -0.876 0.478 0.068 0.244 0.258 0.340 2 1.000 1.000 0
-0.7392 0.9382 0.0165 -0.876 0.478 0.068 0.244 0.258 0.340 2 1.000 1.000 0
-0.7567 0.9037 0.0339 -0.876 0.478 0.068 0.244 0.258 0.340 2 1.000 1.000 0
-0.6720 1.0196 0.0558 -0.927 0.172 -0.333 0.423 0.452 0.511 2 1.000 1.000 0
-0.6639 1.0124 0.0294 -0.927 0.172 -0.333 0.423 0.452 0.511 2 1.000 1.000 0
-0.6807 0.9764 0.0575 -0.927 0.172 -0.333 0.423 0.452 0.511 2 1.000 1.000 0
-0.7177 0.9668 -0.0049 0.854 -0.462 0.239 0.313 0.334 0.401 2 1.000 1.000 0
-0.7392 0.9382 0.0165 0.854 -0.462 0.239 0.313 0.334 0.401 2 1.000 1.000 0
-0.7371 0.9315 -0.0038 0.854 -0.462 0.239 0.313 0.334 0.401 2 1.000 1.000 0
-0.7177 0.9668 -0.0049 0.847 -0.498 0.185 0.296 0.318 0.381 2 1.000 1.000 0
-0.7196 0.9735 0.0215 0.847 -0.498 0.185 0.296 0.318 0.381 2 1.000 1.000 0
-0.7392 0.9382 0.0165 0.847 -0.498 0.185 0.296 0.318 0.381 2 1.000 1.000 0
0.1645 1.3412 0.0452 0.067 0.061 0.996 0.323 0.356 0.372 3 0.864 0.000 0
0.1870 1.3291 0.0444 0.067 0.061 0.996 0.323 0.356 0.372 3 1.000 0.000 0
0.2008 1.4392 0.0367 0.067 0.061 0.996 0.323 0.356 0.372 3 0.691 0.000 0
0.3848 1.2229 0.0292 -0.688 -0.724 0.059 0.358 0.385 0.410 3 1.000 0.037 0
0.4145 1.1894 -0.0359 -0.688 -0.724 0.059 0.358 0.385 0.410 3 1.000 0.520 0
0.4170 1.1917 0.0219 -0.688 -0.724 0.059 0.358 0.385 0.410 3 1.000 0.587 0
0.1645 1.3412 0.0452 -0.473 -0.881 0.019 0.301 0.325 0.345 3 0.864 0.000 0
0.1648 1.3386 -0.0620 -0.473 -0.881 0.019 0.301 0.325 0.345 3 0.881 0.000 0
0.1870 1.3291 0.0444 -0.473 -0.881 0.019 0.301 0.325 0.345 3 1.000 0.000 0
0.3804 1.2178 -0.0292 0.101 -0.089 -0.991 0.378 0.414 0.436 3 1.000 0.000 0
0.1648 1.3386 -0.0620 0.101 -0.089 -0.991 0.378 0.414 0.436 3 0.881 0.000 0
0.4188 1.2618 -0.0292 0.101 -0.089 -0.991 0.378 0.414 0.436 3 1.000 0.000 0
0.4143 1.2567 0.0292 0.650 0.760 0.000 0.380 0.409 0.433 3 1.000 0.033 0
0.2008 1.4392 -0.0414 0.650 0.760 0.000 0.380 0.409 0.433 3 0.695 0.000 0
0.2008 1.4392 0.0367 0.650 0.760 0.000 0.380 0.409 0.433 3 0.691 0.000 0
0.4143 1.2567 0.0292 0.623 0.774 0.115 0.410 0.446 0.471 3 1.000 0.033 0
0.4188 1.2618 -0.0292 0.623 0.774 0.115 0.410 0.446 0.471 3 1.000 0.000 0
0.2008 1.4392 -0.0414 0.623 0.774 0.115 0.410 0.446 0.471 3 0.695 0.000 0
0.4170 1.1917 0.0219 -0.660 -0.749 0.059 0.363 0.395 0.418 3 1.000 0.587 0
0.4145 1.1894 -0.0359 -0.660 -0.749 0.059 0.363 0.395 0.418 3 1.000 0.520 0
0.4449 1.1675 0.0262 -0.660 -0.749 0.059 0.363 0.395 0.418 3 1.000 1.000 0
0.4143 1.2567 0.0292 0.121 -0.106 0.987 0.313 0.335 0.360 3 1.000 0.033 0
0.4170 1.1917 0.0219 0.121 -0.106 0.987 0.313 0.335 0.360 3 1.000 0.587 0
0.4496 1.2290 0.0219 0.121 -0.106 0.987 0.313 0.335 0.360 3 1.000 0.583 0
0.4143 1.2567 0.0292 0.121 -0.106 0.987 0.342 0.367 0.391 3 1.000 0.033 0
0.3848 1.2229 0.0292 0.121 -0.106 0.987 0.342 0.367 0.391 3 1.000 0.037 0
0.4170 1.1917 0.0219 0.121 -0.106 0.987 0.342 0.367 0.391 3 1.000 0.587 0
0.4188 1.2618 -0.0292 0.683 0.721 0.115 0.374 0.409 0.430 3 1.000 0.000 0
0.4143 1.2567 0.0292 0.683 0.721 0.115 0.374 0.409 0.430 3 1.000 0.033 0
0.4515 1.2318 -0.0359 0.683 0.721 0.115 0.374 0.409 0.430 3 1.000 0.516 0
0.3804 1.2178 -0.0292 -0.113 0.099 -0.989 0.406 0.438 0.465 3 1.000 0.000 0
0.4515 1.2318 -0.0359 -0.113 0.099 -0.989 0.406 0.438 0.465 3 1.000 0.516 0
0.4145 1.1894 -0.0359 -0.113 0.099 -0.989 0.406 0.438 0.465 3 1.000 0.520 0
0.3804 1.2178 -0.0292 -0.113 0.099 -0.989 0.399 0.434 0.457 3 1.000 0.000 0
0.4188 1.2618 -0.0292 -0.113 0.099 -0.989 0.399 0.434 0.457 3 1.000 0.000 0
0.4515 1.2318 -0.0359 -0.113 0.099 -0.989 0.399 0.434 0.457 3 1.000 0.516 0
0.4784 1.2057 -0.0262 0.692 0.722 0.000 0.406 0.439 0.463 3 1.000 0.992 0
0.5972 1.0918 0.0362 0.692 0.722 0.000 0.406 0.439 0.463 3 1.000 1.000 0
0.5972 1.0918 -0.0027 0.692 0.722 0.000 0.406 0.439 0.463 3 1.000 1.000 0
0.4784 1.2057 -0.0262 0.683 0.730 0.030 0.396 0.431 0.456 3 1.000 0.992 0
0.4773 1.2045 0.0262 0.683 0.730 0.030 0.396 0.431 0.456 3 1.000 1.000 0
0.5972 1.0918 0.0362 0.683 0.730 0.030 0.396 0.431 0.456 3 1.000 1.000 0
0.4515 1.2318 -0.0359 0.690 0.723 0.030 0.393 0.424 0.450 3 1.000 0.516 0
0.4773 1.2045 0.0262 0.690 0.723 0.030 0.393 0.424 0.450 3 1.000 1.000 0
0.4784 1.2057 -0.0262 0.690 0.723 0.030 0.393 0.424 0.450 3 1.000 0.992 0
0.4145 1.1894 -0.0359 0.189 -0.165 -0.968 0.378 0.413 0.433 3 1.000 0.520 0
0.4784 1.2057 -0.0262 0.189 -0.165 -0.968 0.378 0.413 0.433 3 1.000 0.992 0
0.4439 1.1663 -0.0262 0.189 -0.165 -0.968 0.378 0.413 0.433 3 1.000 0.996 0
0.4145 1.1894 -0.0359 0.189 -0.165 -0.968 0.389 0.422 0.446 3 1.000 0.520 0
0.4515 1.2318 -0.0359 0.189 -0.165 -0.968 0.389 0.422 0.446 3 1.000 0.516 0
0.4784 1.2057 -0.0262 0.189 -0.165 -0.968 0.389 0.422 0.446 3 1.000 0.992 0
0.4496 1.2290 0.0219 -0.088 0.077 0.993 0.356 0.380 0.408 3 1.000 0.583 0
0.4449 1.1675 0.0262 -0.088 0.077 0.993 0.356 0.380 0.408 3 1.000 1.000 0
0.4773 1.2045 0.0262 -0.088 0.077 0.993 0.356 0.380 0.408 3 1.000 1.000 0
0.4496 1.2290 0.0219 -0.088 0.077 0.993 0.335 0.361 0.384 3 1.000 0.583 0
0.4170 1.1917 0.0219 -0.088 0.077 0.993 0.335 0.361 0.384 3 1.000 0.587 0
0.4449 1.1675 0.0262 -0.088 0.077 0.993 0.335 0.361 0.384 3 1.000 1.000 0
0.4439 1.1663 -0.0262 0.107 -0.093 -0.990 0.393 0.429 0.451 3 1.000 0.996 0
0.5972 1.0918 -0.0027 0.107 -0.093 -0.990 0.393 0.429 0.451 3 1.000 1.000 0
0.5716 1.0625 -0.0027 0.107 -0.093 -0.990 0.393 0.429 0.451 3 1.000 1.000 0
0.4439 1.1663 -0.0262 0.107 -0.093 -0.990 0.393 0.425 0.451 3 1.000 0.996 0
0.4784 1.2057 -0.0262 0.107 -0.093 -0.990 0.393 0.425 0.451 3 1.000 0.992 0
0.5972 1.0918 -0.0027 0.107 -0.093 -0.990 0.393 0.425 0.451 3 1.000 1.000 0
0.4773 1.2045 0.0262 -0.046 0.040 0.998 0.409 0.441 0.467 3 1.000 1.000 0
0.5716 1.0625 0.0362 -0.046 0.040 0.998 0.409 0.441 0.467 3 1.000 1.000 0
0.5972 1.0918 0.0362 -0.046 0.040 0.998 0.409 0.441 0.467 3 1.000 1.000 0
0.4773 1.2045 0.0262 -0.046 0.040 0.998 0.389 0.424 0.449 3 1.000 1.000 0
0.4449 1.1675 0.0262 -0.046 0.040 0.998 0.389 0.424 0.449 3 1.000 1.000 0
0.5716 1.0625 0.0362 -0.046 0.040 0.998 0.389 0.424 0.449 3 1.000 1.000 0
0.4449 1.1675 0.0262 -0.638 -0.770 -0.000 0.373 0.403 0.425 3 1.000 1.000 0
0.5716 1.0625 -0.0027 -0.638 -0.770 -0.000 0.373 0.403 0.425 3 1.000 1.000 0
0.5716 1.0625 0.0362 -0.638 -0.770 -0.000 0.373 0.403 0.425 3 1.000 1.000 0
0.4449 1.1675 0.0262 -0.633 -0.773 0.030 0.392 0.425 0.447 3 1.000 1.000 0
0.4439 1.1663 -0.0262 -0.633 -0.773 0.030 0.392 0.425 0.447 3 1.000 0.996 0
0.5716 1.0625 -0.0027 -0.633 -0.773 0.030 0.392 0.425 0.447 3 1.000 1.000 0
0.4773 1.2045 0.0262 0.654 0.754 0.059 0.364 0.392 0.416 3 1.000 1.000 0
0.4515 1.2318 -0.0359 0.654 0.754 0.059 0.364 0.392 0.416 3 1.000 0.516 0
0.4496 1.2290 0.0219 0.654 0.754 0.059 0.364 0.392 0.416 3 1.000 0.583 0
0.4515 1.2318 -0.0359 0.625 0.778 0.059 0.353 0.383 0.407 3 1.000 0.516 0
0.4143 1.2567 0.0292 0.625 0.778 0.059 0.353 0.383 0.407 3 1.000 0.033 0
0.4496 1.2290 0.0219 0.625 0.778 0.059 0.353 0.383 0.407 3 1.000 0.583 0
0.4145 1.1894 -0.0359 -0.623 -0.774 0.115 0.376 0.409 0.431 3 1.000 0.520 0
0.3848 1.2229 0.0292 -0.623 -0.774 0.115 0.376 0.409 0.431 3 1.000 0.037 0
0.3804 1.2178 -0.0292 -0.623 -0.774 0.115 0.376 0.409 0.431 3 1.000 0.000 0
0.4449 1.1675 0.0262 -0.624 -0.781 0.030 0.378 0.414 0.436 3 1.000 1.000 0
0.4145 1.1894 -0.0359 -0.624 -0.781 0.030 0.378 0.414 0.436 3 1.000 0.520 0
0.4439 1.1663 -0.0262 -0.624 -0.781 0.030 0.378 0.414 0.436 3 1.000 0.996 0
0.0945 1.1463 -0.0512 0.075 -0.193 -0.978 0.368 0.397 0.425 0 0.000 0.000 0
-0.0000 1.2920 -0.0871 0.075 -0.193 -0.978 0.368 0.397 0.425 0 0.000 0.000 0
0.0951 1.2928 -0.0800 0.075 -0.193 -0.978 0.368 0.397 0.425 0 0.000 0.000 0
0.0945 1.1463 -0.0512 0.077 -0.192 -0.978 0.369 0.399 0.427 0 0.000 0.000 0
-0.0000 1.1454 -0.0584 0.077 -0.192 -0.978 0.369 0.399 0.427 0 0.000 0.000 0
-0.0000 1.2920 -0.0871 0.077 -0.192 -0.978 0.369 0.399 0.427 0 0.000 0.000 0
0.0870 1.0062 0.0890 0.882 0.003 0.471 0.332 0.356 0.382 0 0.000 0.000 0
0.1345 1.0130 -0.0000 0.882 0.003 0.471 0.332 0.356 0.382 0 0.000 0.000 0
0.0945 1.1463 0.0739 0.882 0.003 0.471 0.332 0.356 0.382 0 0.000 0.000 0
0.0180 0.9080 0.1001 0.135 0.016 0.991 0.348 0.375 0.403 0 0.000 0.000 0
0.0870 1.0062 0.0890 0.135 0.016 0.991 0.348 0.375 0.403 0 0.000 0.000 0
-0.0000 0.9932 0.1011 0.135 0.016 0.991 0.348 0.375 0.403 0 0.000 0.000 0
-0.0000 1.4534 -0.0831 -0.170 0.970 -0.175 0.356 0.379 0.399 1 0.702 0.000 0
-0.0000 1.4584 -0.0553 -0.170 0.970 -0.175 0.356 0.379 0.399 1 0.752 0.000 0
0.0363 1.4653 -0.0526 -0.170 0.970 -0.175 0.356 0.379 0.399 1 0.821 0.000 0
0.1648 1.3386 -0.0620 0.977 -0.211 0.008 0.299 0.325 0.353 3 0.881 0.000 0
0.1645 1.3412 0.0452 0.977 -0.211 0.008 0.299 0.325 0.353 3 0.864 0.000 0
0.1213 1.1398 0.0029 0.977 -0.211 0.008 0.299 0.325 0.353 0 0.000 0.000 0
-0.0000 1.2753 0.0930 0.053 0.163 0.985 0.316 0.345 0.378 0 0.000 0.000 0
0.0957 1.2760 0.0878 0.053 0.163 0.985 0.316 0.345 0.378 0 0.000 0.000 0
0.0863 1.4379 0.0615 0.053 0.163 0.985 0.316 0.345 0.378 3 0.067 0.000 0
0.0273 1.4320 0.0205 0.179 -0.173 0.969 0.259 0.282 0.309 1 0.488 0.000 0
-0.0000 1.5200 0.0412 0.179 -0.173 0.969 0.259 0.282 0.309 1 1.000 0.000 0
-0.0000 1.4299 0.0251 0.179 -0.173 0.969 0.259 0.282 0.309 1 0.467 0.000 0
0.0273 1.4320 0.0205 0.256 -0.145 0.956 0.247 0.263 0.291 1 0.488 0.000 1
0.0185 1.5220 0.0365 0.256 -0.145 0.956 0.247 0.263 0.291 1 1.000 0.000 1
-0.0000 1.5200 0.0412 0.256 -0.145 0.956 0.247 0.263 0.291 1 1.000 0.000 1
0.1345 1.0130 -0.0000 0.866 0.334 -0.372 0.374 0.407 0.437 0 0.000 0.000 0
0.1392 0.9392 -0.0554 0.866 0.334 -0.372 0.374 0.407 0.437 0 0.000 0.000 0
0.0943 1.0288 -0.0794 0.866 0.334 -0.372 0.374 0.407 0.437 0 0.000 0.000 0
0.1213 1.1398 0.0029 0.830 -0.329 -0.451 0.337 0.361 0.387 0 0.000 0.000 0
0.0945 1.1463 -0.0512 0.830 -0.329 -0.451 0.337 0.361 0.387 0 0.000 0.000 0
0.1648 1.3386 -0.0620 0.830 -0.329 -0.451 0.337 0.361 0.387 3 0.881 0.000 0
0.1530 1.4519 -0.0662 0.386 0.873 -0.298 0.376 0.405 0.432 3 0.387 0.000 0
0.1592 1.4682 -0.0105 0.386 0.873 -0.298 0.376 0.405 0.432 3 0.356 0.000 0
0.2008 1.4392 -0.0414 0.386 0.873 -0.298 0.376 0.405 0.432 3 0.695 0.000 0
0.0951 1.2928 -0.0800 0.000 -0.019 -1.000 0.354 0.387 0.412 0 0.000 0.000 0
-0.0000 1.4534 -0.0831 0.000 -0.019 -1.000 0.354 0.387 0.412 1 0.702 0.000 0
0.0863 1.4534 -0.0831 0.000 -0.019 -1.000 0.354 0.387 0.412 3 0.016 0.000 0
0.0951 1.2928 -0.0800 0.075 0.025 -0.997 0.373 0.405 0.432 0 0.000 0.000 0
-0.0000 1.2920 -0.0871 0.075 0.025 -0.997 0.373 0.405 0.432 0 0.000 0.000 0
-0.0000 1.4534 -0.0831 0.075 0.025 -0.997 0.373 0.405 0.432 1 0.702 0.000 0
0.1345 1.0130 -0.0000 0.896 0.102 -0.433 0.339 0.365 0.390 0 0.000 0.000 0
0.0943 1.0288 -0.0794 0.896 0.102 -0.433 0.339 0.365 0.390 0 0.000 0.000 0
0.0945 1.1463 -0.0512 0.896 0.102 -0.433 0.339 0.365 0.390 0 0.000 0.000 0
-0.0000 1.1716 0.0739 -0.049 -0.181 0.982 0.316 0.346 0.371 0 0.000 0.000 0
0.0945 1.1463 0.0739 -0.049 -0.181 0.982 0.316 0.346 0.371 0 0.000 0.000 0
-0.0000 1.2753 0.0930 -0.049 -0.181 0.982 0.316 0.346 0.371 0 0.000 0.000 0
0.1971 0.0489 -0.0071 0.651 0.686 0.324 0.343 0.372 0.397 5 1.000 1.000 0
0.2425 0.0000 0.0053 0.651 0.686 0.324 0.343 0.372 0.397 5 1.000 1.000 0
0.2037 0.0636 -0.0514 0.651 0.686 0.324 0.343 0.372 0.397 5 1.000 1.000 0
0.1392 0.9392 -0.0554 0.637 0.217 -0.740 0.347 0.384 0.412 0 0.000 0.000 0
0.1406 0.8298 -0.0862 0.637 0.217 -0.740 0.347 0.384 0.412 5 0.643 0.000 0
0.0810 0.9192 -0.1114 0.637 0.217 -0.740 0.347 0.384 0.412 0 0.000 0.000 0
0.1360 0.9392 0.0790 0.968 0.200 0.150 0.374 0.411 0.441 0 0.000 0.000 0
0.1588 0.8355 0.0700 0.968 0.200 0.150 0.374 0.411 0.441 5 0.586 0.000 0
0.1547 0.9080 0.0000 0.968 0.200 0.150 0.374 0.411 0.441 0 0.000 0.000 0
0.0810 0.9192 -0.1114 -0.016 0.093 -0.996 0.406 0.440 0.469 0 0.000 0.000 0
0.0182 0.9080 -0.1114 -0.016 0.093 -0.996 0.406 0.440 0.469 0 0.000 0.000 0
-0.0000 1.0262 -0.1001 -0.016 0.093 -0.996 0.406 0.440 0.469 0 0.000 0.000 0
0.1547 0.9080 0.0000 0.968 0.186 -0.166 0.360 0.394 0.423 0 0.000 0.000 0
0.1392 0.9392 -0.0554 0.968 0.186 -0.166 0.360 0.394 0.423 0 0.000 0.000 0
0.1345 1.0130 -0.0000 0.968 0.186 -0.166 0.360 0.394 0.423 0 0.000 0.000 0
0.0315 0.8145 -0.1027 0.169 -0.161 -0.972 0.333 0.369 0.396 0 0.000 0.000 0
0.0810 0.9192 -0.1114 0.169 -0.161 -0.972 0.333 0.369 0.396 0 0.000 0.000 0
0.1406 0.8298 -0.0862 0.169 -0.161 -0.972 0.333 0.369 0.396 5 0.643 0.000 0
0.1588 0.8355 0.0700 0.992 -0.053 -0.114 0.361 0.395 0.424 5 0.586 0.000 0
0.1406 0.8298 -0.0862 0.992 -0.053 -0.114 0.361 0.395 0.424 5 0.643 0.000 0
0.1547 0.9080 0.0000 0.992 -0.053 -0.114 0.361 0.395 0.424 0 0.000 0.000 0
0.0810 0.9192 -0.1114 0.663 0.134 -0.737 0.388 0.424 0.452 0 0.000 0.000 0
0.0943 1.0288 -0.0794 0.663 0.134 -0.737 0.388 0.424 0.452 0 0.000 0.000 0
0.1392 0.9392 -0.0554 0.663 0.134 -0.737 0.388 0.424 0.452 0 0.000 0.000 0
0.0182 0.9080 -0.1114 0.017 -0.091 -0.996 0.352 0.383 0.413 0 0.000 0.000 0
0.0810 0.9192 -0.1114 0.017 -0.091 -0.996 0.352 0.383 0.413 0 0.000 0.000 0
0.0315 0.8145 -0.1027 0.017 -0.091 -0.996 0.352 0.383 0.413 0 0.000 0.000 0
0.1345 1.0130 -0.0000 0.970 0.187 0.156 0.363 0.394 0.422 0 0.000 0.000 0
0.1360 0.9392 0.0790 0.970 0.187 0.156 0.363 0.394 0.422 0 0.000 0.000 0
0.1547 0.9080 0.0000 0.970 0.187 0.156 0.363 0.394 0.422 0 0.000 0.000 0
0.1392 0.9392 -0.0554 0.971 0.077 -0.228 0.339 0.375 0.403 0 0.000 0.000 0
0.1547 0.9080 0.0000 0.971 0.077 -0.228 0.339 0.375 0.403 0 0.000 0.000 0
0.1406 0.8298 -0.0862 0.971 0.077 -0.228 0.339 0.375 0.403 5 0.643 0.000 0
0.0180 0.9080 0.1001 -0.952 -0.230 0.203 0.291 0.314 0.341 0 0.000 0.000 0
0.0039 0.8779 0.0000 -0.952 -0.230 0.203 0.291 0.314 0.341 0 0.000 0.000 0
0.0387 0.8179 0.0952 -0.952 -0.230 0.203 0.291 0.314 0.341 0 0.000 0.000 0
0.0387 0.8179 0.0952 -0.890 -0.454 0.040 0.297 0.317 0.348 0 0.000 0.000 0
0.0039 0.8779 0.0000 -0.890 -0.454 0.040 0.297 0.317 0.348 0 0.000 0.000 0
0.0315 0.8145 -0.1027 -0.890 -0.454 0.040 0.297 0.317 0.348 0 0.000 0.000 0
0.1360 0.9392 0.0790 0.755 0.486 0.440 0.340 0.368 0.392 0 0.000 0.000 0
0.1345 1.0130 -0.0000 0.755 0.486 0.440 0.340 0.368 0.392 0 0.000 0.000 0
0.0870 1.0062 0.0890 0.755 0.486 0.440 0.340 0.368 0.392 0 0.000 0.000 0
0.0182 0.9080 -0.1114 -0.974 -0.154 -0.167 0.277 0.298 0.328 0 0.000 0.000 0
0.0315 0.8145 -0.1027 -0.974 -0.154 -0.167 0.277 0.298 0.328 0 0.000 0.000 0
0.0039 0.8779 0.0000 -0.974 -0.154 -0.167 0.277 0.298 0.328 0 0.000 0.000 0
0.0870 1.0062 0.0890 0.180 -0.016 0.984 0.344 0.370 0.394 0 0.000 0.000 0
0.0180 0.9080 0.1001 0.180 -0.016 0.984 0.344 0.370 0.394 0 0.000 0.000 0
0.1360 0.9392 0.0790 0.180 -0.016 0.984 0.344 0.370 0.394 0 0.000 0.000 0
0.0387 0.8179 0.0952 0.179 -0.012 0.984 0.344 0.371 0.394 0 0.000 0.000 0
0.1360 0.9392 0.0790 0.179 -0.012 0.984 0.344 0.371 0.394 0 0.000 0.000 0
0.0180 0.9080 0.1001 0.179 -0.012 0.984 0.344 0.371 0.394 0 0.000 0.000 0
0.1588 0.8355 0.0700 0.211 -0.038 0.977 0.375 0.407 0.432 5 0.586 0.000 0
0.1360 0.9392 0.0790 0.211 -0.038 0.977 0.375 0.407 0.432 0 0.000 0.000 0
0.0387 0.8179 0.0952 0.211 -0.038 0.977 0.375 0.407 0.432 0 0.000 0.000 0
-0.1561 0.8355 0.0700 -0.997 0.073 0.034 0.364 0.396 0.421 4 0.586 0.000 0
-0.1785 0.5788 -0.0359 -0.997 0.073 0.034 0.364 0.396 0.421 4 1.000 0.000 0
-0.1765 0.5700 0.0405 -0.997 0.073 0.034 0.364 0.396 0.421 4 1.000 0.000 0
0.1038 0.5246 -0.0218 -0.998 -0.025 0.064 0.344 0.374 0.397 5 1.000 0.515 0
0.1034 0.4740 -0.0473 -0.998 -0.025 0.064 0.344 0.374 0.397 5 1.000 1.000 0
0.1089 0.5246 0.0565 -0.998 -0.025 0.064 0.344 0.374 0.397 5 1.000 0.515 0
0.0387 0.8179 0.0952 0.221 -0.122 0.968 0.370 0.400 0.425 0 0.000 0.000 0
0.0998 0.5589 0.0487 0.221 -0.122 0.968 0.370 0.400 0.425 5 1.000 0.085 0
0.1588 0.8355 0.0700 0.221 -0.122 0.968 0.370 0.400 0.425 5 0.586 0.000 0
0.0315 0.8145 -0.1027 -0.967 -0.256 0.003 0.339 0.367 0.390 0 0.000 0.000 0
0.0969 0.5685 -0.0434 -0.967 -0.256 0.003 0.339 0.367 0.390 5 1.000 0.000 0
0.0998 0.5589 0.0487 -0.967 -0.256 0.003 0.339 0.367 0.390 5 1.000 0.085 0
0.1406 0.8298 -0.0862 0.170 -0.169 -0.971 0.358 0.392 0.420 5 0.643 0.000 0
0.1785 0.5788 -0.0359 0.170 -0.169 -0.971 0.358 0.392 0.420 5 1.000 0.000 0
0.0315 0.8145 -0.1027 0.170 -0.169 -0.971 0.358 0.392 0.420 0 0.000 0.000 0
0.1087 0.4881 0.0518 0.155 -0.318 0.935 0.338 0.367 0.389 5 1.000 0.971 0
0.1379 0.2696 -0.0274 0.155 -0.318 0.935 0.338 0.367 0.389 5 1.000 1.000 0
0.1847 0.4994 0.0431 0.155 -0.318 0.935 0.338 0.367 0.389 5 1.000 0.829 0
0.1089 0.5246 0.0565 0.135 -0.118 0.984 0.364 0.396 0.421 5 1.000 0.515 0
0.1847 0.4994 0.0431 0.135 -0.118 0.984 0.364 0.396 0.421 5 1.000 0.829 0
0.1760 0.5344 0.0484 0.135 -0.118 0.984 0.364 0.396 0.421 5 1.000 0.392 0
0.1089 0.5246 0.0565 0.132 -0.126 0.983 0.357 0.391 0.416 5 1.000 0.515 0
0.1087 0.4881 0.0518 0.132 -0.126 0.983 0.357 0.391 0.416 5 1.000 0.971 0
0.1847 0.4994 0.0431 0.132 -0.126 0.983 0.357 0.391 0.416 5 1.000 0.829 0
0.1811 0.5344 -0.0176 -0.004 0.422 -0.907 0.327 0.350 0.376 5 1.000 0.392 0
0.1909 0.4854 -0.0405 -0.004 0.422 -0.907 0.327 0.350 0.376 5 1.000 1.000 0
0.1038 0.5246 -0.0218 -0.004 0.422 -0.907 0.327 0.350 0.376 5 1.000 0.515 0
0.1760 0.5344 0.0484 0.984 0.163 0.076 0.345 0.371 0.398 5 1.000 0.392 0
0.1909 0.4854 -0.0405 0.984 0.163 0.076 0.345 0.371 0.398 5 1.000 1.000 0
0.1811 0.5344 -0.0176 0.984 0.163 0.076 0.345 0.371 0.398 5 1.000 0.392 0
0.2182 0.2510 -0.0946 0.170 -0.234 -0.957 0.356 0.387 0.412 5 1.000 1.000 0
0.1500 0.0636 -0.0609 0.170 -0.234 -0.957 0.356 0.387 0.412 5 1.000 1.000 0
0.1372 0.2510 -0.1090 0.170 -0.234 -0.957 0.356 0.387 0.412 5 1.000 1.000 0
0.2182 0.2510 -0.0946 0.170 -0.234 -0.957 0.329 0.357 0.381 5 1.000 1.000 0
0.2037 0.0636 -0.0514 0.170 -0.234 -0.957 0.329 0.357 0.381 5 1.000 1.000 0
0.1500 0.0636 -0.0609 0.170 -0.234 -0.957 0.329 0.357 0.381 5 1.000 1.000 0
0.1909 0.4854 -0.0405 0.045 0.230 -0.972 0.379 0.407 0.435 5 1.000 1.000 0
0.2182 0.2510 -0.0946 0.045 0.230 -0.972 0.379 0.407 0.435 5 1.000 1.000 0
0.1034 0.4740 -0.0473 0.045 0.230 -0.972 0.379 0.407 0.435 5 1.000 1.000 0
0.1847 0.4994 0.0431 0.995 0.083 0.060 0.360 0.388 0.416 5 1.000 0.829 0
0.2082 0.2696 -0.0277 0.995 0.083 0.060 0.360 0.388 0.416 5 1.000 1.000 0
0.1909 0.4854 -0.0405 0.995 0.083 0.060 0.360 0.388 0.416 5 1.000 1.000 0
0.1034 0.4740 -0.0473 -0.986 -0.162 0.045 0.391 0.423 0.451 5 1.000 1.000 0
0.1372 0.2510 -0.1090 -0.986 -0.162 0.045 0.391 0.423 0.451 5 1.000 1.000 0
0.1379 0.2696 -0.0274 -0.986 -0.162 0.045 0.391 0.423 0.451 5 1.000 1.000 0
0.0870 1.0062 0.0890 0.122 0.100 0.987 0.339 0.367 0.391 0 0.000 0.000 0
0.0945 1.1463 0.0739 0.122 0.100 0.987 0.339 0.367 0.391 0 0.000 0.000 0
-0.0000 0.9932 0.1011 0.122 0.100 0.987 0.339 0.367 0.391 0 0.000 0.000 0
-0.0000 1.0262 -0.1001 0.203 0.228 -0.952 0.376 0.407 0.432 0 0.000 0.000 0
0.0945 1.1463 -0.0512 0.203 0.228 -0.952 0.376 0.407 0.432 0 0.000 0.000 0
0.0943 1.0288 -0.0794 0.203 0.228 -0.952 0.376 0.407 0.432 0 0.000 0.000 0
-0.0000 1.0262 -0.1001 0.069 0.329 -0.942 0.382 0.412 0.437 0 0.000 0.000 0
-0.0000 1.1454 -0.0584 0.069 0.329 -0.942 0.382 0.412 0.437 0 0.000 0.000 0
0.0945 1.1463 -0.0512 0.069 0.329 -0.942 0.382 0.412 0.437 0 0.000 0.000 0
0.0039 0.8779 0.0000 -0.386 -0.877 -0.287 0.279 0.299 0.329 0 0.000 0.000 0
-0.0000 0.9154 -0.1094 -0.386 -0.877 -0.287 0.279 0.299 0.329 0 0.000 0.000 0
0.0182 0.9080 -0.1114 -0.386 -0.877 -0.287 0.279 0.299 0.329 0 0.000 0.000 0
0.0039 0.8779 0.0000 -0.000 -0.946 -0.324 0.240 0.260 0.291 0 0.000 0.000 0
-0.0000 0.8779 0.0000 -0.000 -0.946 -0.324 0.240 0.260 0.291 0 0.000 0.000 0
-0.0000 0.9154 -0.1094 -0.000 -0.946 -0.324 0.240 0.260 0.291 0 0.000 0.000 0
0.0180 0.9080 0.1001 0.000 -0.957 0.289 0.255 0.275 0.305 0 0.000 0.000 0
-0.0000 0.8779 0.0000 0.000 -0.957 0.289 0.255 0.275 0.305 0 0.000 0.000 0
0.0039 0.8779 0.0000 0.000 -0.957 0.289 0.255 0.275 0.305 0 0.000 0.000 0
0.0180 0.9080 0.1001 -0.270 -0.907 0.322 0.275 0.297 0.324 0 0.000 0.000 0
-0.0000 0.9129 0.0988 -0.270 -0.907 0.322 0.275 0.297 0.324 0 0.000 0.000 0
-0.0000 0.8779 0.0000 -0.270 -0.907 0.322 0.275 0.297 0.324 0 0.000 0.000 0
0.0180 0.9080 0.1001 -0.078 -0.029 0.997 0.360 0.394 0.418 0 0.000 0.000 0
-0.0000 0.9932 0.1011 -0.078 -0.029 0.997 0.360 0.394 0.418 0 0.000 0.000 0
-0.0000 0.9129 0.0988 -0.078 -0.029 0.997 0.360 0.394 0.418 0 0.000 0.000 0
0.0182 0.9080 -0.1114 -0.077 0.084 -0.994 0.331 0.358 0.381 0 0.000 0.000 0
-0.0000 0.9154 -0.1094 -0.077 0.084 -0.994 0.331 0.358 0.381 0 0.000 0.000 0
-0.0000 1.0262 -0.1001 -0.077 0.084 -0.994 0.331 0.358 0.381 0 0.000 0.000 0
0.1765 0.5700 0.0405 1.000 -0.009 0.025 0.340 0.365 0.390 5 1.000 0.000 0
0.1760 0.5344 0.0484 1.000 -0.009 0.025 0.340 0.365 0.390 5 1.000 0.392 0
0.1785 0.5788 -0.0359 1.000 -0.009 0.025 0.340 0.365 0.390 5 1.000 0.000 0
0.1785 0.5788 -0.0359 0.131 -0.371 -0.919 0.327 0.351 0.377 5 1.000 0.000 0
0.1811 0.5344 -0.0176 0.131 -0.371 -0.919 0.327 0.351 0.377 5 1.000 0.392 0
0.0969 0.5685 -0.0434 0.131 -0.371 -0.919 0.327 0.351 0.377 5 1.000 0.000 0
0.0998 0.5589 0.0487 0.072 0.215 0.974 0.329 0.359 0.384 5 1.000 0.085 0
0.1760 0.5344 0.0484 0.072 0.215 0.974 0.329 0.359 0.384 5 1.000 0.392 0
0.1765 0.5700 0.0405 0.072 0.215 0.974 0.329 0.359 0.384 5 1.000 0.000 0
0.0998 0.5589 0.0487 0.080 0.240 0.967 0.356 0.388 0.415 5 1.000 0.085 0
0.1089 0.5246 0.0565 0.080 0.240 0.967 0.356 0.388 0.415 5 1.000 0.515 0
0.1760 0.5344 0.0484 0.080 0.240 0.967 0.356 0.388 0.415 5 1.000 0.392 0
0.0969 0.5685 -0.0434 -0.990 -0.124 0.064 0.338 0.367 0.390 5 1.000 0.000 0
0.1038 0.5246 -0.0218 -0.990 -0.124 0.064 0.338 0.367 0.390 5 1.000 0.515 0
0.1089 0.5246 0.0565 -0.990 -0.124 0.064 0.338 0.367 0.390 5 1.000 0.515 0
0.0943 1.0288 -0.0794 0.201 0.252 -0.947 0.409 0.441 0.471 0 0.000 0.000 0
0.0810 0.9192 -0.1114 0.201 0.252 -0.947 0.409 0.441 0.471 0 0.000 0.000 0
-0.0000 1.0262 -0.1001 0.201 0.252 -0.947 0.409 0.441 0.471 0 0.000 0.000 0
0.0998 0.5589 0.0487 0.120 -0.102 0.988 0.378 0.412 0.437 5 1.000 0.085 0
0.1765 0.5700 0.0405 0.120 -0.102 0.988 0.378 0.412 0.437 5 1.000 0.000 0
0.1588 0.8355 0.0700 0.120 -0.102 0.988 0.378 0.412 0.437 5 0.586 0.000 0
0.1379 0.2696 -0.0274 0.004 -0.294 0.956 0.324 0.349 0.375 5 1.000 1.000 0
0.2082 0.2696 -0.0277 0.004 -0.294 0.956 0.324 0.349 0.375 5 1.000 1.000 0
0.1847 0.4994 0.0431 0.004 -0.294 0.956 0.324 0.349 0.375 5 1.000 0.829 0
0.1785 0.5788 -0.0359 0.985 0.125 -0.119 0.363 0.395 0.423 5 1.000 0.000 0
0.1406 0.8298 -0.0862 0.985 0.125 -0.119 0.363 0.395 0.423 5 0.643 0.000 0
0.1588 0.8355 0.0700 0.985 0.125 -0.119 0.363 0.395 0.423 5 0.586 0.000 0
0.2082 0.2696 -0.0277 0.989 0.087 0.123 0.376 0.406 0.434 5 1.000 1.000 0
0.2182 0.2510 -0.0946 0.989 0.087 0.123 0.376 0.406 0.434 5 1.000 1.000 0
0.1909 0.4854 -0.0405 0.989 0.087 0.123 0.376 0.406 0.434 5 1.000 1.000 0
0.0998 0.5589 0.0487 -0.971 -0.236 0.040 0.330 0.355 0.379 5 1.000 0.085 0
0.0387 0.8179 0.0952 -0.971 -0.236 0.040 0.330 0.355 0.379 0 0.000 0.000 0
0.0315 0.8145 -0.1027 -0.971 -0.236 0.040 0.330 0.355 0.379 0 0.000 0.000 0
0.1379 0.2696 -0.0274 -0.984 -0.159 0.075 0.364 0.394 0.421 5 1.000 1.000 0
0.1087 0.4881 0.0518 -0.984 -0.159 0.075 0.364 0.394 0.421 5 1.000 0.971 0
0.1034 0.4740 -0.0473 -0.984 -0.159 0.075 0.364 0.394 0.421 5 1.000 1.000 0
0.2182 0.2510 -0.0946 0.168 0.287 -0.943 0.416 0.448 0.476 5 1.000 1.000 0
0.1372 0.2510 -0.1090 0.168 0.287 -0.943 0.416 0.448 0.476 5 1.000 1.000 0
0.1034 0.4740 -0.0473 0.168 0.287 -0.943 0.416 0.448 0.476 5 1.000 1.000 0
0.1785 0.5788 -0.0359 0.115 -0.204 -0.972 0.352 0.380 0.407 5 1.000 0.000 0
0.0969 0.5685 -0.0434 0.115 -0.204 -0.972 0.352 0.380 0.407 5 1.000 0.000 0
0.0315 0.8145 -0.1027 0.115 -0.204 -0.972 0.352 0.380 0.407 0 0.000 0.000 0
0.1909 0.4854 -0.0405 0.971 0.237 0.032 0.353 0.381 0.406 5 1.000 1.000 0
0.1760 0.5344 0.0484 0.971 0.237 0.032 0.353 0.381 0.406 5 1.000 0.392 0
0.1847 0.4994 0.0431 0.971 0.237 0.032 0.353 0.381 0.406 5 1.000 0.829 0
0.1760 0.5344 0.0484 0.993 0.088 0.076 0.344 0.369 0.394 5 1.000 0.392 0
0.1811 0.5344 -0.0176 0.993 0.088 0.076 0.344 0.369 0.394 5 1.000 0.392 0
0.1785 0.5788 -0.0359 0.993 0.088 0.076 0.344 0.369 0.394 5 1.000 0.000 0
0.1089 0.5246 0.0565 -0.967 -0.255 0.003 0.319 0.347 0.369 5 1.000 0.515 0
0.0998 0.5589 0.0487 -0.967 -0.255 0.003 0.319 0.347 0.369 5 1.000 0.085 0
0.0969 0.5685 -0.0434 -0.967 -0.255 0.003 0.319 0.347 0.369 5 1.000 0.000 0
0.1034 0.4740 -0.0473 -0.999 -0.002 0.053 0.341 0.371 0.395 5 1.000 1.000 0
0.1087 0.4881 0.0518 -0.999 -0.002 0.053 0.341 0.371 0.395 5 1.000 0.971 0
0.1089 0.5246 0.0565 -0.999 -0.002 0.053 0.341 0.371 0.395 5 1.000 0.515 0
0.1345 1.0130 -0.0000 0.934 0.089 0.345 0.325 0.346 0.373 0 0.000 0.000 0
0.1213 1.1398 0.0029 0.934 0.089 0.345 0.325 0.346 0.373 0 0.000 0.000 0
0.0945 1.1463 0.0739 0.934 0.089 0.345 0.325 0.346 0.373 0 0.000 0.000 0
0.1909 0.4854 -0.0405 0.011 0.450 -0.893 0.325 0.350 0.375 5 1.000 1.000 0
0.1034 0.4740 -0.0473 0.011 0.450 -0.893 0.325 0.350 0.375 5 1.000 1.000 0
0.1038 0.5246 -0.0218 0.011 0.450 -0.893 0.325 0.350 0.375 5 1.000 0.515 0
0.1811 0.5344 -0.0176 0.103 -0.425 -0.899 0.328 0.353 0.379 5 1.000 0.392 0
0.1038 0.5246 -0.0218 0.103 -0.425 -0.899 0.328 0.353 0.379 5 1.000 0.515 0
0.0969 0.5685 -0.0434 0.103 -0.425 -0.899 0.328 0.353 0.379 5 1.000 0.000 0
0.0863 1.4379 0.0615 0.118 0.868 0.483 0.384 0.420 0.447 3 0.067 0.000 0
0.1494 1.4392 0.0437 0.118 0.868 0.483 0.384 0.420 0.447 3 0.409 0.000 0
0.1592 1.4682 -0.0105 0.118 0.868 0.483 0.384 0.420 0.447 3 0.356 0.000 0
0.0863 1.4534 -0.0831 0.096 0.952 -0.289 0.391 0.425 0.449 3 0.016 0.000 0
0.1592 1.4682 -0.0105 0.096 0.952 -0.289 0.391 0.425 0.449 3 0.356 0.000 0
0.1530 1.4519 -0.0662 0.096 0.952 -0.289 0.391 0.425 0.449 3 0.387 0.000 0
0.2008 1.4392 0.0367 0.571 0.821 0.000 0.369 0.399 0.425 3 0.691 0.000 0
0.2008 1.4392 -0.0414 0.571 0.821 0.000 0.369 0.399 0.425 3 0.695 0.000 0
0.1592 1.4682 -0.0105 0.571 0.821 0.000 0.369 0.399 0.425 3 0.356 0.000 0
0.1530 1.4519 -0.0662 0.464 0.016 -0.886 0.332 0.364 0.385 3 0.387 0.000 0
0.2008 1.4392 -0.0414 0.464 0.016 -0.886 0.332 0.364 0.385 3 0.695 0.000 0
0.1648 1.3386 -0.0620 0.464 0.016 -0.886 0.332 0.364 0.385 3 0.881 0.000 0
0.1494 1.4392 0.0437 0.066 0.876 0.478 0.353 0.379 0.404 3 0.409 0.000 0
0.2008 1.4392 0.0367 0.066 0.876 0.478 0.353 0.379 0.404 3 0.691 0.000 0
0.1592 1.4682 -0.0105 0.066 0.876 0.478 0.353 0.379 0.404 3 0.356 0.000 0
0.1494 1.4392 0.0437 0.136 0.035 0.990 0.323 0.357 0.375 3 0.409 0.000 0
0.1645 1.3412 0.0452 0.136 0.035 0.990 0.323 0.357 0.375 3 0.864 0.000 0
0.2008 1.4392 0.0367 0.136 0.035 0.990 0.323 0.357 0.375 3 0.691 0.000 0
0.0945 1.1463 -0.0512 0.356 -0.182 -0.917 0.344 0.370 0.397 0 0.000 0.000 0
0.0951 1.2928 -0.0800 0.356 -0.182 -0.917 0.344 0.370 0.397 0 0.000 0.000 0
0.1648 1.3386 -0.0620 0.356 -0.182 -0.917 0.344 0.370 0.397 3 0.881 0.000 0
0.1645 1.3412 0.0452 0.893 -0.267 0.362 0.331 0.357 0.385 3 0.864 0.000 0
0.0945 1.1463 0.0739 0.893 -0.267 0.362 0.331 0.357 0.385 0 0.000 0.000 0
0.1213 1.1398 0.0029 0.893 -0.267 0.362 0.331 0.357 0.385 0 0.000 0.000 0
0.0957 1.2760 0.0878 0.263 0.169 0.950 0.324 0.356 0.387 0 0.000 0.000 0
0.1494 1.4392 0.0437 0.263 0.169 0.950 0.324 0.356 0.387 3 0.409 0.000 0
0.0863 1.4379 0.0615 0.263 0.169 0.950 0.324 0.356 0.387 3 0.067 0.000 0
0.0951 1.2928 -0.0800 0.252 -0.005 -0.968 0.342 0.377 0.403 0 0.000 0.000 0
0.0863 1.4534 -0.0831 0.252 -0.005 -0.968 0.342 0.377 0.403 3 0.016 0.000 0
0.1648 1.3386 -0.0620 0.252 -0.005 -0.968 0.342 0.377 0.403 3 0.881 0.000 0
0.1645 1.3412 0.0452 0.466 0.084 0.881 0.292 0.315 0.347 3 0.864 0.000 0
0.1494 1.4392 0.0437 0.466 0.084 0.881 0.292 0.315 0.347 3 0.409 0.000 0
0.0957 1.2760 0.0878 0.466 0.084 0.881 0.292 0.315 0.347 0 0.000 0.000 0
0.0863 1.4534 -0.0831 0.245 -0.010 -0.969 0.344 0.377 0.403 3 0.016 0.000 0
0.1530 1.4519 -0.0662 0.245 -0.010 -0.969 0.344 0.377 0.403 3 0.387 0.000 0
0.1648 1.3386 -0.0620 0.245 -0.010 -0.969 0.344 0.377 0.403 3 0.881 0.000 0
0.0945 1.1463 0.0739 0.585 -0.091 0.806 0.285 0.309 0.341 0 0.000 0.000 0
0.1645 1.3412 0.0452 0.585 -0.091 0.806 0.285 0.309 0.341 3 0.864 0.000 0
0.0957 1.2760 0.0878 0.585 -0.091 0.806 0.285 0.309 0.341 0 0.000 0.000 0
0.2082 0.2696 -0.0277 0.987 -0.040 0.158 0.363 0.391 0.417 5 1.000 1.000 0
0.2037 0.0636 -0.0514 0.987 -0.040 0.158 0.363 0.391 0.417 5 1.000 1.000 0
0.2182 0.2510 -0.0946 0.987 -0.040 0.158 0.363 0.391 0.417 5 1.000 1.000 0
0.2082 0.2696 -0.0277 0.987 -0.039 0.153 0.350 0.374 0.403 5 1.000 1.000 0
0.1978 0.0824 -0.0083 0.987 -0.039 0.153 0.350 0.374 0.403 5 1.000 1.000 0
0.2037 0.0636 -0.0514 0.987 -0.039 0.153 0.350 0.374 0.403 5 1.000 1.000 0
0.1372 0.2510 -0.1090 -0.998 -0.059 0.021 0.370 0.402 0.428 5 1.000 1.000 0
0.1493 0.0824 -0.0081 -0.998 -0.059 0.021 0.370 0.402 0.428 5 1.000 1.000 0
0.1379 0.2696 -0.0274 -0.998 -0.059 0.021 0.370 0.402 0.428 5 1.000 1.000 0
0.1372 0.2510 -0.1090 -0.998 -0.066 0.010 0.354 0.383 0.408 5 1.000 1.000 0
0.1500 0.0636 -0.0609 -0.998 -0.066 0.010 0.354 0.383 0.408 5 1.000 1.000 0
0.1493 0.0824 -0.0081 -0.998 -0.066 0.010 0.354 0.383 0.408 5 1.000 1.000 0
0.1379 0.2696 -0.0274 0.004 0.103 0.995 0.355 0.382 0.408 5 1.000 1.000 0
0.1978 0.0824 -0.0083 0.004 0.103 0.995 0.355 0.382 0.408 5 1.000 1.000 0
0.2082 0.2696 -0.0277 0.004 0.103 0.995 0.355 0.382 0.408 5 1.000 1.000 0
0.1379 0.2696 -0.0274 0.004 0.103 0.995 0.365 0.393 0.420 5 1.000 1.000 0
0.1493 0.0824 -0.0081 0.004 0.103 0.995 0.365 0.393 0.420 5 1.000 1.000 0
0.1978 0.0824 -0.0083 0.004 0.103 0.995 0.365 0.393 0.420 5 1.000 1.000 0
0.1727 0.0000 -0.0968 0.000 -1.000 0.000 0.232 0.254 0.272 5 1.000 1.000 0
0.2425 0.0000 0.0053 0.000 -1.000 0.000 0.232 0.254 0.272 5 1.000 1.000 0
0.1030 0.0000 0.0059 0.000 -1.000 0.000 0.232 0.254 0.272 5 1.000 1.000 0
0.1500 0.0636 -0.0609 -0.827 0.022 -0.562 0.330 0.364 0.388 5 1.000 1.000 0
0.1727 0.0000 -0.0968 -0.827 0.022 -0.562 0.330 0.364 0.388 5 1.000 1.000 0
0.1030 0.0000 0.0059 -0.827 0.022 -0.562 0.330 0.364 0.388 5 1.000 1.000 0
0.1971 0.0489 -0.0071 0.709 0.692 0.136 0.308 0.338 0.381 5 1.000 1.000 0
0.2082 0.0158 0.1038 0.709 0.692 0.136 0.308 0.338 0.381 5 1.000 1.000 0
0.2425 0.0000 0.0053 0.709 0.692 0.136 0.308 0.338 0.381 5 1.000 1.000 0
0.2037 0.0636 -0.0514 0.149 0.526 -0.838 0.327 0.354 0.378 5 1.000 1.000 0
0.1727 0.0000 -0.0968 0.149 0.526 -0.838 0.327 0.354 0.378 5 1.000 1.000 0
0.1500 0.0636 -0.0609 0.149 0.526 -0.838 0.327 0.354 0.378 5 1.000 1.000 0
0.1372 0.0000 0.1200 -1.000 0.000 0.000 0.224 0.236 0.337 5 1.000 1.000 0
0.1372 0.0000 0.2005 -1.000 0.000 0.000 0.224 0.236 0.337 5 1.000 1.000 0
0.1372 0.0158 0.1200 -1.000 0.000 0.000 0.224 0.236 0.337 5 1.000 1.000 0
0.2425 0.0000 0.0053 0.000 -1.000 0.000 0.233 0.255 0.270 5 1.000 1.000 0
0.2057 0.0000 0.1038 0.000 -1.000 0.000 0.233 0.255 0.270 5 1.000 1.000 0
0.1715 0.0000 0.1119 0.000 -1.000 0.000 0.233 0.255 0.270 5 1.000 1.000 0
0.1500 0.0489 -0.0069 0.059 0.964 0.258 0.334 0.356 0.416 5 1.000 1.000 0
0.1372 0.0158 0.1200 0.059 0.964 0.258 0.334 0.356 0.416 5 1.000 1.000 0
0.1727 0.0158 0.1119 0.059 0.964 0.258 0.334 0.356 0.416 5 1.000 1.000 0
0.1030 0.0000 0.0059 -0.958 0.000 0.287 0.298 0.323 0.377 5 1.000 1.000 0
0.1372 0.0000 0.1200 -0.958 0.000 0.287 0.298 0.323 0.377 5 1.000 1.000 0
0.1372 0.0158 0.1200 -0.958 0.000 0.287 0.298 0.323 0.377 5 1.000 1.000 0
0.2082 0.0158 0.1038 0.926 -0.149 0.346 0.276 0.313 0.354 5 1.000 1.000 0
0.2057 0.0000 0.1038 0.926 -0.149 0.346 0.276 0.313 0.354 5 1.000 1.000 0
0.2425 0.0000 0.0053 0.926 -0.149 0.346 0.276 0.313 0.354 5 1.000 1.000 0
0.2425 0.0000 0.0053 0.826 0.001 -0.564 0.321 0.354 0.378 5 1.000 1.000 0
0.1727 0.0000 -0.0968 0.826 0.001 -0.564 0.321 0.354 0.378 5 1.000 1.000 0
0.2037 0.0636 -0.0514 0.826 0.001 -0.564 0.321 0.354 0.378 5 1.000 1.000 0
0.1372 0.0158 0.1200 -0.701 0.704 0.113 0.353 0.378 0.425 5 1.000 1.000 0
0.1500 0.0489 -0.0069 -0.701 0.704 0.113 0.353 0.378 0.425 5 1.000 1.000 0
0.1030 0.0000 0.0059 -0.701 0.704 0.113 0.353 0.378 0.425 5 1.000 1.000 0
0.1030 0.0000 0.0059 -0.681 0.706 0.192 0.353 0.382 0.407 5 1.000 1.000 0
0.1500 0.0489 -0.0069 -0.681 0.706 0.192 0.353 0.382 0.407 5 1.000 1.000 0
0.1500 0.0636 -0.0609 -0.681 0.706 0.192 0.353 0.382 0.407 5 1.000 1.000 0
0.0863 1.4379 0.0615 0.156 0.844 0.513 0.425 0.457 0.484 3 0.067 0.000 0
0.1592 1.4682 -0.0105 0.156 0.844 0.513 0.425 0.457 0.484 3 0.356 0.000 0
0.0863 1.4817 -0.0105 0.156 0.844 0.513 0.425 0.457 0.484 1 0.984 0.000 0
0.0863 1.4817 -0.0105 0.170 0.918 -0.357 0.410 0.439 0.462 1 0.984 0.000 0
0.1592 1.4682 -0.0105 0.170 0.918 -0.357 0.410 0.439 0.462 3 0.356 0.000 0
0.0863 1.4534 -0.0831 0.170 0.918 -0.357 0.410 0.439 0.462 3 0.016 0.000 0
-0.0000 1.3934 0.0608 -0.407 0.781 0.473 0.366 0.395 0.427 0 0.000 0.000 0
0.0863 1.4379 0.0615 -0.407 0.781 0.473 0.366 0.395 0.427 3 0.067 0.000 0
0.0273 1.4320 0.0205 -0.407 0.781 0.473 0.366 0.395 0.427 1 0.488 0.000 0
0.0863 1.4817 -0.0105 -0.000 0.932 -0.362 0.321 0.340 0.363 1 0.984 0.000 0
0.0863 1.4534 -0.0831 -0.000 0.932 -0.362 0.321 0.340 0.363 3 0.016 0.000 0
0.0363 1.4653 -0.0526 -0.000 0.932 -0.362 0.321 0.340 0.363 1 0.821 0.000 0
0.0863 1.4379 0.0615 -0.142 0.260 0.955 0.367 0.397 0.428 3 0.067 0.000 0
-0.0000 1.3934 0.0608 -0.142 0.260 0.955 0.367 0.397 0.428 0 0.000 0.000 0
-0.0000 1.2753 0.0930 -0.142 0.260 0.955 0.367 0.397 0.428 0 0.000 0.000 0
0.0945 1.1463 0.0739 0.040 0.151 0.988 0.336 0.362 0.389 0 0.000 0.000 0
-0.0000 1.1716 0.0739 0.040 0.151 0.988 0.336 0.362 0.389 0 0.000 0.000 0
-0.0000 0.9932 0.1011 0.040 0.151 0.988 0.336 0.362 0.389 0 0.000 0.000 0
0.0945 1.1463 0.0739 0.055 -0.107 0.993 0.326 0.358 0.389 0 0.000 0.000 0
0.0957 1.2760 0.0878 0.055 -0.107 0.993 0.326 0.358 0.389 0 0.000 0.000 0
-0.0000 1.2753 0.0930 0.055 -0.107 0.993 0.326 0.358 0.389 0 0.000 0.000 0
0.2057 0.0000 0.1038 0.000 -1.000 0.000 0.194 0.212 0.223 5 1.000 1.000 0
0.2057 0.0000 0.1843 0.000 -1.000 0.000 0.194 0.212 0.223 5 1.000 1.000 0
0.1715 0.0000 0.1119 0.000 -1.000 0.000 0.194 0.212 0.223 5 1.000 1.000 0
0.2082 0.0158 0.1038 1.000 0.000 0.031 0.165 0.159 0.292 5 1.000 1.000 0
0.2057 0.0158 0.1843 1.000 0.000 0.031 0.165 0.159 0.292 5 1.000 1.000 0
0.2057 0.0000 0.1843 1.000 0.000 0.031 0.165 0.159 0.292 5 1.000 1.000 0
0.1372 0.0158 0.1200 -0.000 1.000 0.000 0.266 0.272 0.404 5 1.000 1.000 0
0.1372 0.0158 0.2005 -0.000 1.000 0.000 0.266 0.272 0.404 5 1.000 1.000 0
0.1727 0.0158 0.1119 -0.000 1.000 0.000 0.266 0.272 0.404 5 1.000 1.000 0
0.2057 0.0158 0.1843 0.000 1.000 0.000 0.253 0.261 0.399 5 1.000 1.000 0
0.2082 0.0158 0.1038 0.000 1.000 0.000 0.253 0.261 0.399 5 1.000 1.000 0
0.1727 0.0158 0.1119 0.000 1.000 0.000 0.253 0.261 0.399 5 1.000 1.000 0
0.1715 0.0000 0.1119 0.930 -0.075 0.360 0.207 0.222 0.275 5 1.000 1.000 0
0.1727 0.0158 0.1119 0.930 -0.075 0.360 0.207 0.222 0.275 5 1.000 1.000 0
0.1372 0.0000 0.2005 0.930 -0.075 0.360 0.207 0.222 0.275 5 1.000 1.000 0
0.1727 0.0158 0.1119 -0.910 0.000 0.414 0.183 0.188 0.263 5 1.000 1.000 0
0.2057 0.0000 0.1843 -0.910 0.000 0.414 0.183 0.188 0.263 5 1.000 1.000 0
0.2057 0.0158 0.1843 -0.910 0.000 0.414 0.183 0.188 0.263 5 1.000 1.000 0
0.1372 0.0000 0.2005 0.000 -1.000 0.000 0.207 0.222 0.243 5 1.000 1.000 0
0.1372 0.0000 0.1200 0.000 -1.000 0.000 0.207 0.222 0.243 5 1.000 1.000 0
0.1715 0.0000 0.1119 0.000 -1.000 0.000 0.207 0.222 0.243 5 1.000 1.000 0
0.5716 1.0625 -0.0027 -0.458 -0.889 -0.000 0.364 0.395 0.419 3 1.000 1.000 0
0.6243 1.0354 0.0236 -0.458 -0.889 -0.000 0.364 0.395 0.419 3 1.000 1.000 0
0.5716 1.0625 0.0362 -0.458 -0.889 -0.000 0.364 0.395 0.419 3 1.000 1.000 0
0.1648 1.3386 -0.0620 -0.472 -0.882 0.019 0.360 0.392 0.424 3 0.881 0.000 0
0.3848 1.2229 0.0292 -0.472 -0.882 0.019 0.360 0.392 0.424 3 1.000 0.037 0
0.1870 1.3291 0.0444 -0.472 -0.882 0.019 0.360 0.392 0.424 3 1.000 0.000 0
0.1648 1.3386 -0.0620 -0.499 -0.859 0.113 0.375 0.410 0.434 3 0.881 0.000 0
0.3804 1.2178 -0.0292 -0.499 -0.859 0.113 0.375 0.410 0.434 3 1.000 0.000 0
0.3848 1.2229 0.0292 -0.499 -0.859 0.113 0.375 0.410 0.434 3 1.000 0.037 0
0.1870 1.3291 0.0444 0.085 0.059 0.995 0.380 0.413 0.439 3 1.000 0.000 0
0.4143 1.2567 0.0292 0.085 0.059 0.995 0.380 0.413 0.439 3 1.000 0.033 0
0.2008 1.4392 0.0367 0.085 0.059 0.995 0.380 0.413 0.439 3 0.691 0.000 0
0.1870 1.3291 0.0444 0.052 -0.046 0.998 0.364 0.400 0.429 3 1.000 0.000 0
0.3848 1.2229 0.0292 0.052 -0.046 0.998 0.364 0.400 0.429 3 1.000 0.037 0
0.4143 1.2567 0.0292 0.052 -0.046 0.998 0.364 0.400 0.429 3 1.000 0.033 0
0.5972 1.0918 0.0362 0.771 0.636 0.000 0.403 0.439 0.466 3 1.000 1.000 0
0.6258 1.0572 0.0233 0.771 0.636 0.000 0.403 0.439 0.466 3 1.000 1.000 0
0.5972 1.0918 -0.0027 0.771 0.636 0.000 0.403 0.439 0.466 3 1.000 1.000 0
0.5972 1.0918 -0.0027 0.313 -0.273 -0.910 0.385 0.420 0.446 3 1.000 1.000 0
0.6243 1.0354 0.0236 0.313 -0.273 -0.910 0.385 0.420 0.446 3 1.000 1.000 0
0.5716 1.0625 -0.0027 0.313 -0.273 -0.910 0.385 0.420 0.446 3 1.000 1.000 0
0.5972 1.0918 -0.0027 0.636 -0.054 -0.770 0.377 0.410 0.434 3 1.000 1.000 0
0.6258 1.0572 0.0233 0.636 -0.054 -0.770 0.377 0.410 0.434 3 1.000 1.000 0
0.6243 1.0354 0.0236 0.636 -0.054 -0.770 0.377 0.410 0.434 3 1.000 1.000 0
0.5716 1.0625 0.0362 0.210 -0.184 0.960 0.386 0.419 0.444 3 1.000 1.000 0
0.6258 1.0572 0.0233 0.210 -0.184 0.960 0.386 0.419 0.444 3 1.000 1.000 0
0.5972 1.0918 0.0362 0.210 -0.184 0.960 0.386 0.419 0.444 3 1.000 1.000 0
0.5716 1.0625 0.0362 0.231 -0.006 0.973 0.373 0.406 0.427 3 1.000 1.000 0
0.6243 1.0354 0.0236 0.231 -0.006 0.973 0.373 0.406 0.427 3 1.000 1.000 0
0.6258 1.0572 0.0233 0.231 -0.006 0.973 0.373 0.406 0.427 3 1.000 1.000 0
0.1648 1.3386 -0.0620 0.169 0.140 -0.976 0.359 0.394 0.418 3 0.881 0.000 0
0.2008 1.4392 -0.0414 0.169 0.140 -0.976 0.359 0.394 0.418 3 0.695 0.000 0
0.4188 1.2618 -0.0292 0.169 0.140 -0.976 0.359 0.394 0.418 3 1.000 0.000 0
-0.0000 1.4299 0.0251 0.070 0.697 0.714 0.280 0.304 0.333 1 0.467 0.000 0
-0.0000 1.3934 0.0608 0.070 0.697 0.714 0.280 0.304 0.333 0 0.000 0.000 0
0.0273 1.4320 0.0205 0.070 0.697 0.714 0.280 0.304 0.333 1 0.488 0.000 0
0.0273 1.4320 0.0205 -0.073 0.589 0.805 0.305 0.327 0.351 1 0.488 0.000 0
0.0863 1.4817 -0.0105 -0.073 0.589 0.805 0.305 0.327 0.351 1 0.984 0.000 0
0.0400 1.4734 -0.0087 -0.073 0.589 0.805 0.305 0.327 0.351 1 0.902 0.000 0
0.0363 1.4653 -0.0526 0.988 0.115 -0.105 0.283 0.312 0.336 1 0.821 0.000 1
0.0363 1.5121 -0.0018 0.988 0.115 -0.105 0.283 0.312 0.336 1 1.000 0.000 1
0.0400 1.4734 -0.0087 0.988 0.115 -0.105 0.283 0.312 0.336 1 0.902 0.000 1
0.0363 1.4653 -0.0526 0.996 0.069 -0.063 0.277 0.307 0.332 1 0.821 0.000 1
0.0315 1.5537 -0.0323 0.996 0.069 -0.063 0.277 0.307 0.332 1 1.000 0.000 1
0.0363 1.5121 -0.0018 0.996 0.069 -0.063 0.277 0.307 0.332 1 1.000 0.000 1
0.0400 1.4734 -0.0087 -0.179 0.970 -0.165 0.314 0.334 0.350 1 0.902 0.000 1
0.0863 1.4817 -0.0105 -0.179 0.970 -0.165 0.314 0.334 0.350 1 0.984 0.000 1
0.0363 1.4653 -0.0526 -0.179 0.970 -0.165 0.314 0.334 0.350 1 0.821 0.000 1
0.0315 1.5537 -0.0323 0.519 -0.834 -0.190 0.292 0.317 0.343 1 1.000 0.000 1
0.0927 1.5936 -0.0404 0.519 -0.834 -0.190 0.292 0.317 0.343 1 1.000 0.000 1
0.0436 1.5522 0.0073 0.519 -0.834 -0.190 0.292 0.317 0.343 1 1.000 0.000 1
-0.0000 1.4584 -0.0553 0.032 0.225 -0.974 0.322 0.340 0.370 1 0.752 0.000 1
0.0315 1.5537 -0.0323 0.032 0.225 -0.974 0.322 0.340 0.370 1 1.000 0.000 1
0.0363 1.4653 -0.0526 0.032 0.225 -0.974 0.322 0.340 0.370 1 0.821 0.000 1
-0.0000 1.4584 -0.0553 0.186 0.172 -0.967 0.287 0.312 0.338 1 0.752 0.000 1
-0.0000 1.5485 -0.0393 0.186 0.172 -0.967 0.287 0.312 0.338 1 1.000 0.000 1
0.0315 1.5537 -0.0323 0.186 0.172 -0.967 0.287 0.312 0.338 1 1.000 0.000 1
0.0400 1.4734 -0.0087 0.909 0.014 0.417 0.267 0.294 0.321 1 0.902 0.000 1
0.0185 1.5220 0.0365 0.909 0.014 0.417 0.267 0.294 0.321 1 1.000 0.000 1
0.0273 1.4320 0.0205 0.909 0.014 0.417 0.267 0.294 0.321 1 0.488 0.000 1
0.0400 1.4734 -0.0087 0.909 0.014 0.417 0.273 0.300 0.325 1 0.902 0.000 1
0.0363 1.5121 -0.0018 0.909 0.014 0.417 0.273 0.300 0.325 1 1.000 0.000 1
0.0185 1.5220 0.0365 0.909 0.014 0.417 0.273 0.300 0.325 1 1.000 0.000 1
0.0185 1.5220 0.0365 0.039 -0.963 -0.265 0.194 0.204 0.225 1 1.000 0.000 1
0.0308 1.5026 0.1086 0.039 -0.963 -0.265 0.194 0.204 0.225 1 1.000 0.000 1
-0.0000 1.5200 0.0412 0.039 -0.963 -0.265 0.194 0.204 0.225 1 1.000 0.000 1
0.0863 1.4379 0.0615 -0.408 0.780 0.474 0.364 0.389 0.420 3 0.067 0.000 0
0.0863 1.4817 -0.0105 -0.408 0.780 0.474 0.364 0.389 0.420 1 0.984 0.000 0
0.0273 1.4320 0.0205 -0.408 0.780 0.474 0.364 0.389 0.420 1 0.488 0.000 0
0.0643 1.5983 0.1015 0.433 -0.318 0.843 0.150 0.161 0.178 1 1.000 0.000 1
0.0706 1.6696 0.1251 0.433 -0.318 0.843 0.150 0.161 0.178 1 1.000 0.000 1
-0.0000 1.6220 0.1435 0.433 -0.318 0.843 0.150 0.161 0.178 1 1.000 0.000 1
-0.0000 1.5485 -0.0393 0.240 -0.870 -0.430 0.267 0.294 0.318 1 1.000 0.000 1
-0.0000 1.5830 -0.1092 0.240 -0.870 -0.430 0.267 0.294 0.318 1 1.000 0.000 1
0.0315 1.5537 -0.0323 0.240 -0.870 -0.430 0.267 0.294 0.318 1 1.000 0.000 1
0.0436 1.5522 0.0073 0.812 -0.575 0.103 0.232 0.247 0.274 1 1.000 0.000 1
0.0643 1.5983 0.1015 0.812 -0.575 0.103 0.232 0.247 0.274 1 1.000 0.000 1
0.0185 1.5220 0.0365 0.812 -0.575 0.103 0.232 0.247 0.274 1 1.000 0.000 1
0.0917 1.5986 0.0381 0.962 -0.043 0.268 0.310 0.337 0.363 1 1.000 0.000 1
0.1067 1.6692 -0.0044 0.962 -0.043 0.268 0.310 0.337 0.363 1 1.000 0.000 1
0.0706 1.6696 0.1251 0.962 -0.043 0.268 0.310 0.337 0.363 1 1.000 0.000 1
0.0315 1.5537 -0.0323 0.950 -0.107 -0.295 0.240 0.262 0.289 1 1.000 0.000 1
0.0436 1.5522 0.0073 0.950 -0.107 -0.295 0.240 0.262 0.289 1 1.000 0.000 1
0.0363 1.5121 -0.0018 0.950 -0.107 -0.295 0.240 0.262 0.289 1 1.000 0.000 1
0.0363 1.5121 -0.0018 0.849 -0.260 0.460 0.238 0.261 0.288 1 1.000 0.000 1
0.0436 1.5522 0.0073 0.849 -0.260 0.460 0.238 0.261 0.288 1 1.000 0.000 1
0.0185 1.5220 0.0365 0.849 -0.260 0.460 0.238 0.261 0.288 1 1.000 0.000 1
0.0308 1.5026 0.1086 0.513 -0.116 0.851 0.227 0.248 0.271 1 1.000 0.000 1
0.0643 1.5983 0.1015 0.513 -0.116 0.851 0.227 0.248 0.271 1 1.000 0.000 1
-0.0000 1.6220 0.1435 0.513 -0.116 0.851 0.227 0.248 0.271 1 1.000 0.000 1
0.1067 1.6692 -0.0044 0.962 0.054 0.268 0.320 0.345 0.369 1 1.000 0.000 1
0.0787 1.7223 0.0856 0.962 0.054 0.268 0.320 0.345 0.369 1 1.000 0.000 1
0.0706 1.6696 0.1251 0.962 0.054 0.268 0.320 0.345 0.369 1 1.000 0.000 1
0.0863 1.7716 0.0249 0.298 0.954 0.025 0.399 0.435 0.460 1 1.000 0.000 1
0.0863 1.7739 -0.0625 0.298 0.954 0.025 0.399 0.435 0.460 1 1.000 0.000 1
-0.0000 1.7985 0.0291 0.298 0.954 0.025 0.399 0.435 0.460 1 1.000 0.000 1
0.0863 1.7739 -0.0625 0.236 0.778 -0.582 0.392 0.428 0.454 1 1.000 0.000 1
0.0785 1.7360 -0.1164 0.236 0.778 -0.582 0.392 0.428 0.454 1 1.000 0.000 1
-0.0000 1.8000 -0.0626 0.236 0.778 -0.582 0.392 0.428 0.454 1 1.000 0.000 1
0.0785 1.7360 -0.1164 0.289 0.218 -0.932 0.392 0.425 0.451 1 1.000 0.000 1
0.0717 1.6684 -0.1343 0.289 0.218 -0.932 0.392 0.425 0.451 1 1.000 0.000 1
-0.0000 1.7545 -0.1364 0.289 0.218 -0.932 0.392 0.425 0.451 1 1.000 0.000 1
0.0717 1.6684 -0.1343 0.235 -0.398 -0.887 0.388 0.423 0.450 1 1.000 0.000 1
0.0561 1.5858 -0.1013 0.235 -0.398 -0.887 0.388 0.423 0.450 1 1.000 0.000 1
-0.0000 1.6694 -0.1537 0.235 -0.398 -0.887 0.388 0.423 0.450 1 1.000 0.000 1
0.0927 1.5936 -0.0404 0.674 -0.736 0.055 0.293 0.316 0.341 1 1.000 0.000 1
0.0917 1.5986 0.0381 0.674 -0.736 0.055 0.293 0.316 0.341 1 1.000 0.000 1
0.0436 1.5522 0.0073 0.674 -0.736 0.055 0.293 0.316 0.341 1 1.000 0.000 1
0.0927 1.5936 -0.0404 0.516 -0.832 -0.203 0.332 0.353 0.383 1 1.000 0.000 1
0.0315 1.5537 -0.0323 0.516 -0.832 -0.203 0.332 0.353 0.383 1 1.000 0.000 1
0.0561 1.5858 -0.1013 0.516 -0.832 -0.203 0.332 0.353 0.383 1 1.000 0.000 1
0.0917 1.5986 0.0381 0.584 -0.772 0.249 0.243 0.265 0.288 1 1.000 0.000 1
0.0643 1.5983 0.1015 0.584 -0.772 0.249 0.243 0.265 0.288 1 1.000 0.000 1
0.0436 1.5522 0.0073 0.584 -0.772 0.249 0.243 0.265 0.288 1 1.000 0.000 1
0.0643 1.5983 0.1015 0.898 -0.208 0.388 0.270 0.296 0.323 1 1.000 0.000 1
0.0917 1.5986 0.0381 0.898 -0.208 0.388 0.270 0.296 0.323 1 1.000 0.000 1
0.0706 1.6696 0.1251 0.898 -0.208 0.388 0.270 0.296 0.323 1 1.000 0.000 1
0.0561 1.5858 -0.1013 0.825 -0.337 -0.453 0.387 0.417 0.445 1 1.000 0.000 1
0.0717 1.6684 -0.1343 0.825 -0.337 -0.453 0.387 0.417 0.445 1 1.000 0.000 1
0.0927 1.5936 -0.0404 0.825 -0.337 -0.453 0.387 0.417 0.445 1 1.000 0.000 1
0.1067 1.6685 -0.0704 0.876 0.039 -0.481 0.392 0.425 0.450 1 1.000 0.000 1
0.0717 1.6684 -0.1343 0.876 0.039 -0.481 0.392 0.425 0.450 1 1.000 0.000 1
0.0785 1.7360 -0.1164 0.876 0.039 -0.481 0.392 0.425 0.450 1 1.000 0.000 1
0.0717 1.6684 -0.1343 0.826 -0.336 -0.453 0.390 0.422 0.448 1 1.000 0.000 1
0.1067 1.6685 -0.0704 0.826 -0.336 -0.453 0.390 0.422 0.448 1 1.000 0.000 1
0.0927 1.5936 -0.0404 0.826 -0.336 -0.453 0.390 0.422 0.448 1 1.000 0.000 1
0.0927 1.5936 -0.0404 0.981 -0.193 0.024 0.360 0.390 0.415 1 1.000 0.000 1
0.1067 1.6692 -0.0044 0.981 -0.193 0.024 0.360 0.390 0.415 1 1.000 0.000 1
0.0917 1.5986 0.0381 0.981 -0.193 0.024 0.360 0.390 0.415 1 1.000 0.000 1
0.1067 1.6685 -0.0704 0.983 -0.183 0.002 0.384 0.419 0.444 1 1.000 0.000 1
0.1067 1.6692 -0.0044 0.983 -0.183 0.002 0.384 0.419 0.444 1 1.000 0.000 1
0.0927 1.5936 -0.0404 0.983 -0.183 0.002 0.384 0.419 0.444 1 1.000 0.000 1
0.0863 1.7739 -0.0625 0.982 0.190 -0.002 0.388 0.426 0.450 1 1.000 0.000 1
0.1067 1.6692 -0.0044 0.982 0.190 -0.002 0.388 0.426 0.450 1 1.000 0.000 1
0.1067 1.6685 -0.0704 0.982 0.190 -0.002 0.388 0.426 0.450 1 1.000 0.000 1
0.0787 1.7223 0.0856 0.966 0.128 0.226 0.354 0.379 0.407 1 1.000 0.000 1
0.1067 1.6692 -0.0044 0.966 0.128 0.226 0.354 0.379 0.407 1 1.000 0.000 1
0.0863 1.7716 0.0249 0.966 0.128 0.226 0.354 0.379 0.407 1 1.000 0.000 1
0.0787 1.7223 0.0856 0.273 0.729 0.628 0.376 0.409 0.436 1 1.000 0.000 1
0.0863 1.7716 0.0249 0.273 0.729 0.628 0.376 0.409 0.436 1 1.000 0.000 1
-0.0000 1.7344 0.1057 0.273 0.729 0.628 0.376 0.409 0.436 1 1.000 0.000 1
0.0706 1.6696 0.1251 0.032 0.318 0.948 0.350 0.375 0.403 1 1.000 0.000 1
-0.0000 1.7344 0.1057 0.032 0.318 0.948 0.350 0.375 0.403 1 1.000 0.000 1
-0.0000 1.6220 0.1435 0.032 0.318 0.948 0.350 0.375 0.403 1 1.000 0.000 1
-0.0000 1.7344 0.1057 0.285 0.546 0.787 0.359 0.386 0.414 1 1.000 0.000 1
0.0706 1.6696 0.1251 0.285 0.546 0.787 0.359 0.386 0.414 1 1.000 0.000 1
0.0787 1.7223 0.0856 0.285 0.546 0.787 0.359 0.386 0.414 1 1.000 0.000 1
0.1067 1.6692 -0.0044 0.981 0.194 0.005 0.383 0.417 0.444 1 1.000 0.000 1
0.0863 1.7739 -0.0625 0.981 0.194 0.005 0.383 0.417 0.444 1 1.000 0.000 1
0.0863 1.7716 0.0249 0.981 0.194 0.005 0.383 0.417 0.444 1 1.000 0.000 1
0.0785 1.7360 -0.1164 0.939 0.202 -0.279 0.390 0.425 0.450 1 1.000 0.000 1
0.0863 1.7739 -0.0625 0.939 0.202 -0.279 0.390 0.425 0.450 1 1.000 0.000 1
0.1067 1.6685 -0.0704 0.939 0.202 -0.279 0.390 0.425 0.450 1 1.000 0.000 1
-0.0000 1.5830 -0.1092 0.101 -0.915 -0.390 0.321 0.337 0.370 1 1.000 0.000 1
0.0561 1.5858 -0.1013 0.101 -0.915 -0.390 0.321 0.337 0.370 1 1.000 0.000 1
0.0315 1.5537 -0.0323 0.101 -0.915 -0.390 0.321 0.337 0.370 1 1.000 0.000 1
0.0561 1.5858 -0.1013 0.147 -0.453 -0.880 0.368 0.393 0.425 1 1.000 0.000 1
-0.0000 1.5830 -0.1092 0.147 -0.453 -0.880 0.368 0.393 0.425 1 1.000 0.000 1
-0.0000 1.6694 -0.1537 0.147 -0.453 -0.880 0.368 0.393 0.425 1 1.000 0.000 1
0.0717 1.6684 -0.1343 0.259 0.193 -0.946 0.391 0.425 0.451 1 1.000 0.000 1
-0.0000 1.6694 -0.1537 0.259 0.193 -0.946 0.391 0.425 0.451 1 1.000 0.000 1
-0.0000 1.7545 -0.1364 0.259 0.193 -0.946 0.391 0.425 0.451 1 1.000 0.000 1
0.0785 1.7360 -0.1164 0.317 0.807 -0.498 0.395 0.427 0.455 1 1.000 0.000 1
-0.0000 1.7545 -0.1364 0.317 0.807 -0.498 0.395 0.427 0.455 1 1.000 0.000 1
-0.0000 1.8000 -0.0626 0.317 0.807 -0.498 0.395 0.427 0.455 1 1.000 0.000 1
0.0863 1.7739 -0.0625 0.289 0.957 0.015 0.418 0.449 0.476 1 1.000 0.000 1
-0.0000 1.8000 -0.0626 0.289 0.957 0.015 0.418 0.449 0.476 1 1.000 0.000 1
-0.0000 1.7985 0.0291 0.289 0.957 0.015 0.418 0.449 0.476 1 1.000 0.000 1
0.0863 1.7716 0.0249 0.261 0.740 0.620 0.415 0.450 0.477 1 1.000 0.000 1
-0.0000 1.7985 0.0291 0.261 0.740 0.620 0.415 0.450 0.477 1 1.000 0.000 1
-0.0000 1.7344 0.1057 0.261 0.740 0.620 0.415 0.450 0.477 1 1.000 0.000 1
-0.1645 1.3412 0.0452 -0.067 0.061 0.996 0.323 0.356 0.372 2 0.864 0.000 0
-0.2008 1.4392 0.0367 -0.067 0.061 0.996 0.323 0.356 0.372 2 0.691 0.000 0
-0.1870 1.3291 0.0444 -0.067 0.061 0.996 0.323 0.356 0.372 2 1.000 0.000 0
-0.3848 1.2229 0.0292 0.688 -0.724 0.059 0.358 0.385 0.410 2 1.000 0.037 0
-0.4170 1.1917 0.0219 0.688 -0.724 0.059 0.358 0.385 0.410 2 1.000 0.587 0
-0.4145 1.1894 -0.0359 0.688 -0.724 0.059 0.358 0.385 0.410 2 1.000 0.520 0
-0.1645 1.3412 0.0452 0.473 -0.881 0.019 0.301 0.325 0.345 2 0.864 0.000 0
-0.1870 1.3291 0.0444 0.473 -0.881 0.019 0.301 0.325 0.345 2 1.000 0.000 0
-0.1648 1.3386 -0.0620 0.473 -0.881 0.019 0.301 0.325 0.345 2 0.881 0.000 0
-0.3804 1.2178 -0.0292 -0.101 -0.089 -0.991 0.378 0.414 0.436 2 1.000 0.000 0
-0.4188 1.2618 -0.0292 -0.101 -0.089 -0.991 0.378 0.414 0.436 2 1.000 0.000 0
-0.1648 1.3386 -0.0620 -0.101 -0.089 -0.991 0.378 0.414 0.436 2 0.881 0.000 0
-0.4143 1.2567 0.0292 -0.623 0.774 0.115 0.410 0.446 0.471 2 1.000 0.033 0
-0.2008 1.4392 -0.0414 -0.623 0.774 0.115 0.410 0.446 0.471 2 0.695 0.000 0
-0.4188 1.2618 -0.0292 -0.623 0.774 0.115 0.410 0.446 0.471 2 1.000 0.000 0
-0.4143 1.2567 0.0292 -0.650 0.760 0.000 0.380 0.409 0.433 2 1.000 0.033 0
-0.2008 1.4392 0.0367 -0.650 0.760 0.000 0.380 0.409 0.433 2 0.691 0.000 0
-0.2008 1.4392 -0.0414 -0.650 0.760 0.000 0.380 0.409 0.433 2 0.695 0.000 0
-0.4170 1.1917 0.0219 0.660 -0.749 0.059 0.363 0.395 0.418 2 1.000 0.587 0
-0.4449 1.1675 0.0262 0.660 -0.749 0.059 0.363 0.395 0.418 2 1.000 1.000 0
-0.4145 1.1894 -0.0359 0.660 -0.749 0.059 0.363 0.395 0.418 2 1.000 0.520 0
-0.4143 1.2567 0.0292 -0.121 -0.106 0.987 0.342 0.367 0.391 2 1.000 0.033 0
-0.4170 1.1917 0.0219 -0.121 -0.106 0.987 0.342 0.367 0.391 2 1.000 0.587 0
-0.3848 1.2229 0.0292 -0.121 -0.106 0.987 0.342 0.367 0.391 2 1.000 0.037 0
-0.4143 1.2567 0.0292 -0.121 -0.106 0.987 0.313 0.335 0.360 2 1.000 0.033 0
-0.4496 1.2290 0.0219 -0.121 -0.106 0.987 0.313 0.335 0.360 2 1.000 0.583 0
-0.4170 1.1917 0.0219 -0.121 -0.106 0.987 0.313 0.335 0.360 2 1.000 0.587 0
-0.4188 1.2618 -0.0292 -0.683 0.721 0.115 0.374 0.409 0.430 2 1.000 0.000 0
-0.4515 1.2318 -0.0359 -0.683 0.721 0.115 0.374 0.409 0.430 2 1.000 0.516 0
-0.4143 1.2567 0.0292 -0.683 0.721 0.115 0.374 0.409 0.430 2 1.000 0.033 0
-0.3804 1.2178 -0.0292 0.113 0.099 -0.989 0.399 0.434 0.457 2 1.000 0.000 0
-0.4515 1.2318 -0.0359 0.113 0.099 -0.989 0.399 0.434 0.457 2 1.000 0.516 0
-0.4188 1.2618 -0.0292 0.113 0.099 -0.989 0.399 0.434 0.457 2 1.000 0.000 0
-0.3804 1.2178 -0.0292 0.113 0.099 -0.989 0.406 0.438 0.465 2 1.000 0.000 0
-0.4145 1.1894 -0.0359 0.113 0.099 -0.989 0.406 0.438 0.465 2 1.000 0.520 0
-0.4515 1.2318 -0.0359 0.113 0.099 -0.989 0.406 0.438 0.465 2 1.000 0.516 0
-0.4784 1.2057 -0.0262 -0.683 0.730 0.030 0.396 0.431 0.456 2 1.000 0.992 0
-0.5972 1.0918 0.0362 -0.683 0.730 0.030 0.396 0.431 0.456 2 1.000 1.000 0
-0.4773 1.2045 0.0262 -0.683 0.730 0.030 0.396 0.431 0.456 2 1.000 1.000 0
-0.4784 1.2057 -0.0262 -0.692 0.722 0.000 0.406 0.439 0.463 2 1.000 0.992 0
-0.5972 1.0918 -0.0027 -0.692 0.722 0.000 0.406 0.439 0.463 2 1.000 1.000 0
-0.5972 1.0918 0.0362 -0.692 0.722 0.000 0.406 0.439 0.463 2 1.000 1.000 0
-0.4515 1.2318 -0.0359 -0.690 0.723 0.030 0.393 0.424 0.450 2 1.000 0.516 0
-0.4784 1.2057 -0.0262 -0.690 0.723 0.030 0.393 0.424 0.450 2 1.000 0.992 0
-0.4773 1.2045 0.0262 -0.690 0.723 0.030 0.393 0.424 0.450 2 1.000 1.000 0
-0.4145 1.1894 -0.0359 -0.189 -0.165 -0.968 0.389 0.422 0.446 2 1.000 0.520 0
-0.4784 1.2057 -0.0262 -0.189 -0.165 -0.968 0.389 0.422 0.446 2 1.000 0.992 0
-0.4515 1.2318 -0.0359 -0.189 -0.165 -0.968 0.389 0.422 0.446 2 1.000 0.516 0
-0.4145 1.1894 -0.0359 -0.189 -0.165 -0.968 0.378 0.413 0.433 2 1.000 0.520 0
-0.4439 1.1663 -0.0262 -0.189 -0.165 -0.968 0.378 0.413 0.433 2 1.000 0.996 0
-0.4784 1.2057 -0.0262 -0.189 -0.165 -0.968 0.378 0.413 0.433 2 1.000 0.992 0
-0.4496 1.2290 0.0219 0.088 0.077 0.993 0.335 0.361 0.384 2 1.000 0.583 0
-0.4449 1.1675 0.0262 0.088 0.077 0.993 0.335 0.361 0.384 2 1.000 1.000 0
-0.4170 1.1917 0.0219 0.088 0.077 0.993 0.335 0.361 0.384 2 1.000 0.587 0
-0.4496 1.2290 0.0219 0.088 0.077 0.993 0.356 0.380 0.408 2 1.000 0.583 0
-0.4773 1.2045 0.0262 0.088 0.077 0.993 0.356 0.380 0.408 2 1.000 1.000 0
-0.4449 1.1675 0.0262 0.088 0.077 0.993 0.356 0.380 0.408 2 1.000 1.000 0
-0.4439 1.1663 -0.0262 -0.107 -0.093 -0.990 0.393 0.425 0.451 2 1.000 0.996 0
-0.5972 1.0918 -0.0027 -0.107 -0.093 -0.990 0.393 0.425 0.451 2 1.000 1.000 0
-0.4784 1.2057 -0.0262 -0.107 -0.093 -0.990 0.393 0.425 0.451 2 1.000 0.992 0
-0.4439 1.1663 -0.0262 -0.107 -0.093 -0.990 0.393 0.429 0.451 2 1.000 0.996 0
-0.5716 1.0625 -0.0027 -0.107 -0.093 -0.990 0.393 0.429 0.451 2 1.000 1.000 0
-0.5972 1.0918 -0.0027 -0.107 -0.093 -0.990 0.393 0.429 0.451 2 1.000 1.000 0
-0.4773 1.2045 0.0262 0.046 0.040 0.998 0.389 0.424 0.449 2 1.000 1.000 0
-0.5716 1.0625 0.0362 0.046 0.040 0.998 0.389 0.424 0.449 2 1.000 1.000 0
-0.4449 1.1675 0.0262 0.046 0.040 0.998 0.389 0.424 0.449 2 1.000 1.000 0
-0.4773 1.2045 0.0262 0.046 0.040 0.998 0.409 0.441 0.467 2 1.000 1.000 0
-0.5972 1.0918 0.0362 0.046 0.040 0.998 0.409 0.441 0.467 2 1.000 1.000 0
-0.5716 1.0625 0.0362 0.046 0.040 0.998 0.409 0.441 0.467 2 1.000 1.000 0
-0.4449 1.1675 0.0262 0.633 -0.773 0.030 0.392 0.425 0.447 2 1.000 1.000 0
-0.5716 1.0625 -0.0027 0.633 -0.773 0.030 0.392 0.425 0.447 2 1.000 1.000 0
-0.4439 1.1663 -0.0262 0.633 -0.773 0.030 0.392 0.425 0.447 2 1.000 0.996 0
-0.4449 1.1675 0.0262 0.638 -0.770 -0.000 0.373 0.403 0.425 2 1.000 1.000 0
-0.5716 1.0625 0.0362 0.638 -0.770 -0.000 0.373 0.403 0.425 2 1.000 1.000 0
-0.5716 1.0625 -0.0027 0.638 -0.770 -0.000 0.373 0.403 0.425 2 1.000 1.000 0
-0.4773 1.2045 0.0262 -0.654 0.754 0.059 0.364 0.392 0.416 2 1.000 1.000 0
-0.4496 1.2290 0.0219 -0.654 0.754 0.059 0.364 0.392 0.416 2 1.000 0.583 0
-0.4515 1.2318 -0.0359 -0.654 0.754 0.059 0.364 0.392 0.416 2 1.000 0.516 0
-0.4515 1.2318 -0.0359 -0.625 0.778 0.059 0.353 0.383 0.407 2 1.000 0.516 0
-0.4496 1.2290 0.0219 -0.625 0.778 0.059 0.353 0.383 0.407 2 1.000 0.583 0
-0.4143 1.2567 0.0292 -0.625 0.778 0.059 0.353 0.383 0.407 2 1.000 0.033 0
-0.4145 1.1894 -0.0359 0.623 -0.774 0.115 0.376 0.409 0.431 2 1.000 0.520 0
-0.3804 1.2178 -0.0292 0.623 -0.774 0.115 0.376 0.409 0.431 2 1.000 0.000 0
-0.3848 1.2229 0.0292 0.623 -0.774 0.115 0.376 0.409 0.431 2 1.000 0.037 0
-0.4449 1.1675 0.0262 0.624 -0.781 0.030 0.378 0.414 0.436 2 1.000 1.000 0
-0.4439 1.1663 -0.0262 0.624 -0.781 0.030 0.378 0.414 0.436 2 1.000 0.996 0
-0.4145 1.1894 -0.0359 0.624 -0.781 0.030 0.378 0.414 0.436 2 1.000 0.520 0
-0.0945 1.1463 -0.0512 -0.077 -0.192 -0.978 0.369 0.399 0.427 0 0.000 0.000 0
-0.0000 1.2920 -0.0871 -0.077 -0.192 -0.978 0.369 0.399 0.427 0 0.000 0.000 0
-0.0000 1.1454 -0.0584 -0.077 -0.192 -0.978 0.369 0.399 0.427 0 0.000 0.000 0
-0.0945 1.1463 -0.0512 -0.075 -0.193 -0.978 0.368 0.397 0.425 0 0.000 0.000 0
-0.0951 1.2928 -0.0800 -0.075 -0.193 -0.978 0.368 0.397 0.425 0 0.000 0.000 0
-0.0000 1.2920 -0.0871 -0.075 -0.193 -0.978 0.368 0.397 0.425 0 0.000 0.000 0
-0.0870 1.0062 0.0890 -0.882 0.003 0.471 0.332 0.356 0.382 0 0.000 0.000 0
-0.0945 1.1463 0.0739 -0.882 0.003 0.471 0.332 0.356 0.382 0 0.000 0.000 0
-0.1345 1.0130 -0.0000 -0.882 0.003 0.471 0.332 0.356 0.382 0 0.000 0.000 0
-0.0180 0.9080 0.1001 -0.135 0.016 0.991 0.348 0.375 0.403 0 0.000 0.000 0
-0.0000 0.9932 0.1011 -0.135 0.016 0.991 0.348 0.375 0.403 0 0.000 0.000 0
-0.0870 1.0062 0.0890 -0.135 0.016 0.991 0.348 0.375 0.403 0 0.000 0.000 0
-0.0000 1.4534 -0.0831 0.170 0.970 -0.175 0.356 0.379 0.399 1 0.702 0.000 0
-0.0363 1.4653 -0.0526 0.170 0.970 -0.175 0.356 0.379 0.399 1 0.821 0.000 0
-0.0000 1.4584 -0.0553 0.170 0.970 -0.175 0.356 0.379 0.399 1 0.752 0.000 0
-0.1648 1.3386 -0.0620 -0.977 -0.211 0.008 0.299 0.325 0.353 2 0.881 0.000 0
-0.1213 1.1398 0.0029 -0.977 -0.211 0.008 0.299 0.325 0.353 0 0.000 0.000 0
-0.1645 1.3412 0.0452 -0.977 -0.211 0.008 0.299 0.325 0.353 2 0.864 0.000 0
-0.0000 1.2753 0.0930 -0.053 0.163 0.985 0.316 0.345 0.378 0 0.000 0.000 0
-0.0863 1.4379 0.0615 -0.053 0.163 0.985 0.316 0.345 0.378 2 0.067 0.000 0
-0.0957 1.2760 0.0878 -0.053 0.163 0.985 0.316 0.345 0.378 0 0.000 0.000 0
-0.0273 1.4320 0.0205 -0.256 -0.145 0.956 0.247 0.263 0.291 1 0.488 0.000 1
-0.0000 1.5200 0.0412 -0.256 -0.145 0.956 0.247 0.263 0.291 1 1.000 0.000 1
-0.0185 1.5220 0.0365 -0.256 -0.145 0.956 0.247 0.263 0.291 1 1.000 0.000 1
-0.0273 1.4320 0.0205 -0.179 -0.173 0.969 0.259 0.282 0.309 1 0.488 0.000 0
-0.0000 1.4299 0.0251 -0.179 -0.173 0.969 0.259 0.282 0.309 1 0.467 0.000 0
-0.0000 1.5200 0.0412 -0.179 -0.173 0.969 0.259 0.282 0.309 1 1.000 0.000 0
-0.1345 1.0130 -0.0000 -0.866 0.334 -0.372 0.374 0.407 0.437 0 0.000 0.000 0
-0.0943 1.0288 -0.0794 -0.866 0.334 -0.372 0.374 0.407 0.437 0 0.000 0.000 0
-0.1392 0.9392 -0.0554 -0.866 0.334 -0.372 0.374 0.407 0.437 0 0.000 0.000 0
-0.1213 1.1398 0.0029 -0.830 -0.329 -0.451 0.337 0.361 0.387 0 0.000 0.000 0
-0.1648 1.3386 -0.0620 -0.830 -0.329 -0.451 0.337 0.361 0.387 2 0.881 0.000 0
-0.0945 1.1463 -0.0512 -0.830 -0.329 -0.451 0.337 0.361 0.387 0 0.000 0.000 0
-0.1530 1.4519 -0.0662 -0.386 0.873 -0.298 0.376 0.405 0.432 2 0.387 0.000 0
-0.2008 1.4392 -0.0414 -0.386 0.873 -0.298 0.376 0.405 0.432 2 0.695 0.000 0
-0.1592 1.4682 -0.0105 -0.386 0.873 -0.298 0.376 0.405 0.432 2 0.356 0.000 0
-0.0951 1.2928 -0.0800 -0.075 0.025 -0.997 0.373 0.405 0.432 0 0.000 0.000 0
-0.0000 1.4534 -0.0831 -0.075 0.025 -0.997 0.373 0.405 0.432 1 0.702 0.000 0
-0.0000 1.2920 -0.0871 -0.075 0.025 -0.997 0.373 0.405 0.432 0 0.000 0.000 0
-0.0951 1.2928 -0.0800 -0.000 -0.019 -1.000 0.354 0.387 0.412 0 0.000 0.000 0
-0.0863 1.4534 -0.0831 -0.000 -0.019 -1.000 0.354 0.387 0.412 2 0.016 0.000 0
-0.0000 1.4534 -0.0831 -0.000 -0.019 -1.000 0.354 0.387 0.412 1 0.702 0.000 0
-0.1345 1.0130 -0.0000 -0.896 0.102 -0.433 0.339 0.365 0.390 0 0.000 0.000 0
-0.0945 1.1463 -0.0512 -0.896 0.102 -0.433 0.339 0.365 0.390 0 0.000 0.000 0
-0.0943 1.0288 -0.0794 -0.896 0.102 -0.433 0.339 0.365 0.390 0 0.000 0.000 0
-0.0000 1.1716 0.0739 0.049 -0.181 0.982 0.316 0.346 0.371 0 0.000 0.000 0
-0.0000 1.2753 0.0930 0.049 -0.181 0.982 0.316 0.346 0.371 0 0.000 0.000 0
-0.0945 1.1463 0.0739 0.049 -0.181 0.982 0.316 0.346 0.371 0 0.000 0.000 0
-0.1971 0.0489 -0.0071 -0.651 0.686 0.324 0.343 0.372 0.397 4 1.000 1.000 0
-0.2037 0.0636 -0.0514 -0.651 0.686 0.324 0.343 0.372 0.397 4 1.000 1.000 0
-0.2425 0.0000 0.0053 -0.651 0.686 0.324 0.343 0.372 0.397 4 1.000 1.000 0
-0.1392 0.9392 -0.0554 -0.637 0.217 -0.740 0.347 0.384 0.412 0 0.000 0.000 0
-0.0810 0.9192 -0.1114 -0.637 0.217 -0.740 0.347 0.384 0.412 0 0.000 0.000 0
-0.1406 0.8298 -0.0862 -0.637 0.217 -0.740 0.347 0.384 0.412 4 0.643 0.000 0
-0.1360 0.9392 0.0790 -0.971 0.174 0.161 0.374 0.411 0.441 0 0.000 0.000 0
-0.1547 0.9080 0.0000 -0.971 0.174 0.161 0.374 0.411 0.441 0 0.000 0.000 0
-0.1561 0.8355 0.0700 -0.971 0.174 0.161 0.374 0.411 0.441 4 0.586 0.000 0
-0.0810 0.9192 -0.1114 0.016 0.093 -0.996 0.406 0.440 0.469 0 0.000 0.000 0
-0.0000 1.0262 -0.1001 0.016 0.093 -0.996 0.406 0.440 0.469 0 0.000 0.000 0
-0.0182 0.9080 -0.1114 0.016 0.093 -0.996 0.406 0.440 0.469 0 0.000 0.000 0
-0.1547 0.9080 0.0000 -0.968 0.186 -0.166 0.360 0.394 0.423 0 0.000 0.000 0
-0.1345 1.0130 -0.0000 -0.968 0.186 -0.166 0.360 0.394 0.423 0 0.000 0.000 0
-0.1392 0.9392 -0.0554 -0.968 0.186 -0.166 0.360 0.394 0.423 0 0.000 0.000 0
-0.0315 0.8145 -0.1027 -0.169 -0.161 -0.972 0.333 0.369 0.396 0 0.000 0.000 0
-0.1406 0.8298 -0.0862 -0.169 -0.161 -0.972 0.333 0.369 0.396 4 0.643 0.000 0
-0.0810 0.9192 -0.1114 -0.169 -0.161 -0.972 0.333 0.369 0.396 0 0.000 0.000 0
-0.1561 0.8355 0.0700 -0.993 -0.073 -0.095 0.361 0.395 0.424 4 0.586 0.000 0
-0.1547 0.9080 0.0000 -0.993 -0.073 -0.095 0.361 0.395 0.424 0 0.000 0.000 0
-0.1406 0.8298 -0.0862 -0.993 -0.073 -0.095 0.361 0.395 0.424 4 0.643 0.000 0
-0.0810 0.9192 -0.1114 -0.663 0.134 -0.737 0.388 0.424 0.452 0 0.000 0.000 0
-0.1392 0.9392 -0.0554 -0.663 0.134 -0.737 0.388 0.424 0.452 0 0.000 0.000 0
-0.0943 1.0288 -0.0794 -0.663 0.134 -0.737 0.388 0.424 0.452 0 0.000 0.000 0
-0.0182 0.9080 -0.1114 -0.017 -0.091 -0.996 0.352 0.383 0.413 0 0.000 0.000 0
-0.0315 0.8145 -0.1027 -0.017 -0.091 -0.996 0.352 0.383 0.413 0 0.000 0.000 0
-0.0810 0.9192 -0.1114 -0.017 -0.091 -0.996 0.352 0.383 0.413 0 0.000 0.000 0
-0.1345 1.0130 -0.0000 -0.970 0.187 0.156 0.363 0.394 0.422 0 0.000 0.000 0
-0.1547 0.9080 0.0000 -0.970 0.187 0.156 0.363 0.394 0.422 0 0.000 0.000 0
-0.1360 0.9392 0.0790 -0.970 0.187 0.156 0.363 0.394 0.422 0 0.000 0.000 0
-0.1392 0.9392 -0.0554 -0.971 0.077 -0.228 0.339 0.375 0.403 0 0.000 0.000 0
-0.1406 0.8298 -0.0862 -0.971 0.077 -0.228 0.339 0.375 0.403 4 0.643 0.000 0
-0.1547 0.9080 0.0000 -0.971 0.077 -0.228 0.339 0.375 0.403 0 0.000 0.000 0
-0.0180 0.9080 0.1001 0.946 -0.250 0.208 0.291 0.314 0.341 0 0.000 0.000 0
-0.0415 0.8166 0.0971 0.946 -0.250 0.208 0.291 0.314 0.341 0 0.000 0.000 0
-0.0039 0.8779 0.0000 0.946 -0.250 0.208 0.291 0.314 0.341 0 0.000 0.000 0
-0.0415 0.8166 0.0971 0.884 -0.465 0.049 0.297 0.317 0.348 0 0.000 0.000 0
-0.0315 0.8145 -0.1027 0.884 -0.465 0.049 0.297 0.317 0.348 0 0.000 0.000 0
-0.0039 0.8779 0.0000 0.884 -0.465 0.049 0.297 0.317 0.348 0 0.000 0.000 0
-0.1360 0.9392 0.0790 -0.755 0.486 0.440 0.340 0.368 0.392 0 0.000 0.000 0
-0.0870 1.0062 0.0890 -0.755 0.486 0.440 0.340 0.368 0.392 0 0.000 0.000 0
-0.1345 1.0130 -0.0000 -0.755 0.486 0.440 0.340 0.368 0.392 0 0.000 0.000 0
-0.0182 0.9080 -0.1114 0.974 -0.154 -0.167 0.277 0.298 0.328 0 0.000 0.000 0
-0.0039 0.8779 0.0000 0.974 -0.154 -0.167 0.277 0.298 0.328 0 0.000 0.000 0
-0.0315 0.8145 -0.1027 0.974 -0.154 -0.167 0.277 0.298 0.328 0 0.000 0.000 0
-0.0870 1.0062 0.0890 -0.180 -0.016 0.984 0.344 0.370 0.394 0 0.000 0.000 0
-0.1360 0.9392 0.0790 -0.180 -0.016 0.984 0.344 0.370 0.394 0 0.000 0.000 0
-0.0180 0.9080 0.1001 -0.180 -0.016 0.984 0.344 0.370 0.394 0 0.000 0.000 0
-0.0415 0.8166 0.0971 -0.173 0.012 0.985 0.344 0.371 0.394 0 0.000 0.000 0
-0.0180 0.9080 0.1001 -0.173 0.012 0.985 0.344 0.371 0.394 0 0.000 0.000 0
-0.1360 0.9392 0.0790 -0.173 0.012 0.985 0.344 0.371 0.394 0 0.000 0.000 0
-0.1561 0.8355 0.0700 -0.236 -0.039 0.971 0.375 0.407 0.432 4 0.586 0.000 0
-0.0415 0.8166 0.0971 -0.236 -0.039 0.971 0.375 0.407 0.432 0 0.000 0.000 0
-0.1360 0.9392 0.0790 -0.236 -0.039 0.971 0.375 0.407 0.432 0 0.000 0.000 0
-0.1038 0.5246 -0.0218 0.998 -0.025 0.064 0.344 0.374 0.397 4 1.000 0.515 0
-0.1089 0.5246 0.0565 0.998 -0.025 0.064 0.344 0.374 0.397 4 1.000 0.515 0
-0.1034 0.4740 -0.0473 0.998 -0.025 0.064 0.344 0.374 0.397 4 1.000 1.000 0
-0.0415 0.8166 0.0971 -0.248 -0.124 0.961 0.370 0.400 0.425 0 0.000 0.000 0
-0.1561 0.8355 0.0700 -0.248 -0.124 0.961 0.370 0.400 0.425 4 0.586 0.000 0
-0.0998 0.5589 0.0487 -0.248 -0.124 0.961 0.370 0.400 0.425 4 1.000 0.085 0
-0.0315 0.8145 -0.1027 0.967 -0.256 0.003 0.339 0.367 0.390 0 0.000 0.000 0
-0.0998 0.5589 0.0487 0.967 -0.256 0.003 0.339 0.367 0.390 4 1.000 0.085 0
-0.0969 0.5685 -0.0434 0.967 -0.256 0.003 0.339 0.367 0.390 4 1.000 0.000 0
-0.1406 0.8298 -0.0862 -0.170 -0.169 -0.971 0.358 0.392 0.420 4 0.643 0.000 0
-0.0315 0.8145 -0.1027 -0.170 -0.169 -0.971 0.358 0.392 0.420 0 0.000 0.000 0
-0.1785 0.5788 -0.0359 -0.170 -0.169 -0.971 0.358 0.392 0.420 4 1.000 0.000 0
-0.1087 0.4881 0.0518 -0.155 -0.318 0.935 0.338 0.367 0.389 4 1.000 0.971 0
-0.1847 0.4994 0.0431 -0.155 -0.318 0.935 0.338 0.367 0.389 4 1.000 0.829 0
-0.1379 0.2696 -0.0274 -0.155 -0.318 0.935 0.338 0.367 0.389 4 1.000 1.000 0
-0.1089 0.5246 0.0565 -0.132 -0.126 0.983 0.357 0.391 0.416 4 1.000 0.515 0
-0.1847 0.4994 0.0431 -0.132 -0.126 0.983 0.357 0.391 0.416 4 1.000 0.829 0
-0.1087 0.4881 0.0518 -0.132 -0.126 0.983 0.357 0.391 0.416 4 1.000 0.971 0
-0.1089 0.5246 0.0565 -0.135 -0.118 0.984 0.364 0.396 0.421 4 1.000 0.515 0
-0.1760 0.5344 0.0484 -0.135 -0.118 0.984 0.364 0.396 0.421 4 1.000 0.392 0
-0.1847 0.4994 0.0431 -0.135 -0.118 0.984 0.364 0.396 0.421 4 1.000 0.829 0
-0.1811 0.5344 -0.0176 0.004 0.422 -0.907 0.327 0.350 0.376 4 1.000 0.392 0
-0.1038 0.5246 -0.0218 0.004 0.422 -0.907 0.327 0.350 0.376 4 1.000 0.515 0
-0.1909 0.4854 -0.0405 0.004 0.422 -0.907 0.327 0.350 0.376 4 1.000 1.000 0
-0.1760 0.5344 0.0484 -0.984 0.163 0.076 0.345 0.371 0.398 4 1.000 0.392 0
-0.1811 0.5344 -0.0176 -0.984 0.163 0.076 0.345 0.371 0.398 4 1.000 0.392 0
-0.1909 0.4854 -0.0405 -0.984 0.163 0.076 0.345 0.371 0.398 4 1.000 1.000 0
-0.2182 0.2510 -0.0946 -0.170 -0.234 -0.957 0.329 0.357 0.381 4 1.000 1.000 0
-0.1500 0.0636 -0.0609 -0.170 -0.234 -0.957 0.329 0.357 0.381 4 1.000 1.000 0
-0.2037 0.0636 -0.0514 -0.170 -0.234 -0.957 0.329 0.357 0.381 4 1.000 1.000 0
-0.2182 0.2510 -0.0946 -0.170 -0.234 -0.957 0.356 0.387 0.412 4 1.000 1.000 0
-0.1372 0.2510 -0.1090 -0.170 -0.234 -0.957 0.356 0.387 0.412 4 1.000 1.000 0
-0.1500 0.0636 -0.0609 -0.170 -0.234 -0.957 0.356 0.387 0.412 4 1.000 1.000 0
-0.1909 0.4854 -0.0405 -0.045 0.230 -0.972 0.379 0.407 0.435 4 1.000 1.000 0
-0.1034 0.4740 -0.0473 -0.045 0.230 -0.972 0.379 0.407 0.435 4 1.000 1.000 0
-0.2182 0.2510 -0.0946 -0.045 0.230 -0.972 0.379 0.407 0.435 4 1.000 1.000 0
-0.1847 0.4994 0.0431 -0.995 0.083 0.060 0.360 0.388 0.416 4 1.000 0.829 0
-0.1909 0.4854 -0.0405 -0.995 0.083 0.060 0.360 0.388 0.416 4 1.000 1.000 0
-0.2082 0.2696 -0.0277 -0.995 0.083 0.060 0.360 0.388 0.416 4 1.000 1.000 0
-0.1034 0.4740 -0.0473 0.986 -0.162 0.045 0.391 0.423 0.451 4 1.000 1.000 0
-0.1379 0.2696 -0.0274 0.986 -0.162 0.045 0.391 0.423 0.451 4 1.000 1.000 0
-0.1372 0.2510 -0.1090 0.986 -0.162 0.045 0.391 0.423 0.451 4 1.000 1.000 0
-0.0870 1.0062 0.0890 -0.122 0.100 0.987 0.339 0.367 0.391 0 0.000 0.000 0
-0.0000 0.9932 0.1011 -0.122 0.100 0.987 0.339 0.367 0.391 0 0.000 0.000 0
-0.0945 1.1463 0.0739 -0.122 0.100 0.987 0.339 0.367 0.391 0 0.000 0.000 0
-0.0000 1.0262 -0.1001 -0.069 0.329 -0.942 0.382 0.412 0.437 0 0.000 0.000 0
-0.0945 1.1463 -0.0512 -0.069 0.329 -0.942 0.382 0.412 0.437 0 0.000 0.000 0
-0.0000 1.1454 -0.0584 -0.069 0.329 -0.942 0.382 0.412 0.437 0 0.000 0.000 0
-0.0000 1.0262 -0.1001 -0.203 0.228 -0.952 0.376 0.407 0.432 0 0.000 0.000 0
-0.0943 1.0288 -0.0794 -0.203 0.228 -0.952 0.376 0.407 0.432 0 0.000 0.000 0
-0.0945 1.1463 -0.0512 -0.203 0.228 -0.952 0.376 0.407 0.432 0 0.000 0.000 0
-0.0039 0.8779 0.0000 0.000 -0.946 -0.324 0.240 0.260 0.291 0 0.000 0.000 0
-0.0000 0.9154 -0.1094 0.000 -0.946 -0.324 0.240 0.260 0.291 0 0.000 0.000 0
-0.0000 0.8779 0.0000 0.000 -0.946 -0.324 0.240 0.260 0.291 0 0.000 0.000 0
-0.0039 0.8779 0.0000 0.386 -0.877 -0.287 0.279 0.299 0.329 0 0.000 0.000 0
-0.0182 0.9080 -0.1114 0.386 -0.877 -0.287 0.279 0.299 0.329 0 0.000 0.000 0
-0.0000 0.9154 -0.1094 0.386 -0.877 -0.287 0.279 0.299 0.329 0 0.000 0.000 0
-0.0180 0.9080 0.1001 0.270 -0.907 0.322 0.275 0.297 0.324 0 0.000 0.000 0
-0.0000 0.8779 0.0000 0.270 -0.907 0.322 0.275 0.297 0.324 0 0.000 0.000 0
-0.0000 0.9129 0.0988 0.270 -0.907 0.322 0.275 0.297 0.324 0 0.000 0.000 0
-0.0180 0.9080 0.1001 0.000 -0.957 0.289 0.255 0.275 0.305 0 0.000 0.000 0
-0.0039 0.8779 0.0000 0.000 -0.957 0.289 0.255 0.275 0.305 0 0.000 0.000 0
-0.0000 0.8779 0.0000 0.000 -0.957 0.289 0.255 0.275 0.305 0 0.000 0.000 0
-0.0180 0.9080 0.1001 0.078 -0.029 0.997 0.360 0.394 0.418 0 0.000 0.000 0
-0.0000 0.9129 0.0988 0.078 -0.029 0.997 0.360 0.394 0.418 0 0.000 0.000 0
-0.0000 0.9932 0.1011 0.078 -0.029 0.997 0.360 0.394 0.418 0 0.000 0.000 0
-0.0182 0.9080 -0.1114 0.077 0.084 -0.994 0.331 0.358 0.381 0 0.000 0.000 0
-0.0000 1.0262 -0.1001 0.077 0.084 -0.994 0.331 0.358 0.381 0 0.000 0.000 0
-0.0000 0.9154 -0.1094 0.077 0.084 -0.994 0.331 0.358 0.381 0 0.000 0.000 0
-0.1765 0.5700 0.0405 -1.000 -0.009 0.025 0.340 0.365 0.390 4 1.000 0.000 0
-0.1785 0.5788 -0.0359 -1.000 -0.009 0.025 0.340 0.365 0.390 4 1.000 0.000 0
-0.1760 0.5344 0.0484 -1.000 -0.009 0.025 0.340 0.365 0.390 4 1.000 0.392 0
-0.1785 0.5788 -0.0359 -0.131 -0.371 -0.919 0.327 0.351 0.377 4 1.000 0.000 0
-0.0969 0.5685 -0.0434 -0.131 -0.371 -0.919 0.327 0.351 0.377 4 1.000 0.000 0
-0.1811 0.5344 -0.0176 -0.131 -0.371 -0.919 0.327 0.351 0.377 4 1.000 0.392 0
-0.0998 0.5589 0.0487 -0.080 0.240 0.967 0.356 0.388 0.415 4 1.000 0.085 0
-0.1760 0.5344 0.0484 -0.080 0.240 0.967 0.356 0.388 0.415 4 1.000 0.392 0
-0.1089 0.5246 0.0565 -0.080 0.240 0.967 0.356 0.388 0.415 4 1.000 0.515 0
-0.0998 0.5589 0.0487 -0.072 0.215 0.974 0.329 0.359 0.384 4 1.000 0.085 0
-0.1765 0.5700 0.0405 -0.072 0.215 0.974 0.329 0.359 0.384 4 1.000 0.000 0
-0.1760 0.5344 0.0484 -0.072 0.215 0.974 0.329 0.359 0.384 4 1.000 0.392 0
-0.0969 0.5685 -0.0434 0.990 -0.124 0.064 0.338 0.367 0.390 4 1.000 0.000 0
-0.1089 0.5246 0.0565 0.990 -0.124 0.064 0.338 0.367 0.390 4 1.000 0.515 0
-0.1038 0.5246 -0.0218 0.990 -0.124 0.064 0.338 0.367 0.390 4 1.000 0.515 0
-0.0943 1.0288 -0.0794 -0.201 0.252 -0.947 0.409 0.441 0.471 0 0.000 0.000 0
-0.0000 1.0262 -0.1001 -0.201 0.252 -0.947 0.409 0.441 0.471 0 0.000 0.000 0
-0.0810 0.9192 -0.1114 -0.201 0.252 -0.947 0.409 0.441 0.471 0 0.000 0.000 0
-0.0998 0.5589 0.0487 -0.119 -0.100 0.988 0.378 0.412 0.437 4 1.000 0.085 0
-0.1561 0.8355 0.0700 -0.119 -0.100 0.988 0.378 0.412 0.437 4 0.586 0.000 0
-0.1765 0.5700 0.0405 -0.119 -0.100 0.988 0.378 0.412 0.437 4 1.000 0.000 0
-0.1379 0.2696 -0.0274 -0.004 -0.294 0.956 0.324 0.349 0.375 4 1.000 1.000 0
-0.1847 0.4994 0.0431 -0.004 -0.294 0.956 0.324 0.349 0.375 4 1.000 0.829 0
-0.2082 0.2696 -0.0277 -0.004 -0.294 0.956 0.324 0.349 0.375 4 1.000 1.000 0
-0.1785 0.5788 -0.0359 -0.986 0.128 -0.102 0.363 0.395 0.423 4 1.000 0.000 0
-0.1561 0.8355 0.0700 -0.986 0.128 -0.102 0.363 0.395 0.423 4 0.586 0.000 0
-0.1406 0.8298 -0.0862 -0.986 0.128 -0.102 0.363 0.395 0.423 4 0.643 0.000 0
-0.2082 0.2696 -0.0277 -0.989 0.087 0.123 0.376 0.406 0.434 4 1.000 1.000 0
-0.1909 0.4854 -0.0405 -0.989 0.087 0.123 0.376 0.406 0.434 4 1.000 1.000 0
-0.2182 0.2510 -0.0946 -0.989 0.087 0.123 0.376 0.406 0.434 4 1.000 1.000 0
-0.0998 0.5589 0.0487 0.972 -0.229 0.051 0.330 0.355 0.379 4 1.000 0.085 0
-0.0315 0.8145 -0.1027 0.972 -0.229 0.051 0.330 0.355 0.379 0 0.000 0.000 0
-0.0415 0.8166 0.0971 0.972 -0.229 0.051 0.330 0.355 0.379 0 0.000 0.000 0
-0.1379 0.2696 -0.0274 0.984 -0.159 0.075 0.364 0.394 0.421 4 1.000 1.000 0
-0.1034 0.4740 -0.0473 0.984 -0.159 0.075 0.364 0.394 0.421 4 1.000 1.000 0
-0.1087 0.4881 0.0518 0.984 -0.159 0.075 0.364 0.394 0.421 4 1.000 0.971 0
-0.2182 0.2510 -0.0946 -0.168 0.287 -0.943 0.416 0.448 0.476 4 1.000 1.000 0
-0.1034 0.4740 -0.0473 -0.168 0.287 -0.943 0.416 0.448 0.476 4 1.000 1.000 0
-0.1372 0.2510 -0.1090 -0.168 0.287 -0.943 0.416 0.448 0.476 4 1.000 1.000 0
-0.1785 0.5788 -0.0359 -0.115 -0.204 -0.972 0.352 0.380 0.407 4 1.000 0.000 0
-0.0315 0.8145 -0.1027 -0.115 -0.204 -0.972 0.352 0.380 0.407 0 0.000 0.000 0
-0.0969 0.5685 -0.0434 -0.115 -0.204 -0.972 0.352 0.380 0.407 4 1.000 0.000 0
-0.1909 0.4854 -0.0405 -0.971 0.237 0.032 0.353 0.381 0.406 4 1.000 1.000 0
-0.1847 0.4994 0.0431 -0.971 0.237 0.032 0.353 0.381 0.406 4 1.000 0.829 0
-0.1760 0.5344 0.0484 -0.971 0.237 0.032 0.353 0.381 0.406 4 1.000 0.392 0
-0.1760 0.5344 0.0484 -0.993 0.088 0.076 0.344 0.369 0.394 4 1.000 0.392 0
-0.1785 0.5788 -0.0359 -0.993 0.088 0.076 0.344 0.369 0.394 4 1.000 0.000 0
-0.1811 0.5344 -0.0176 -0.993 0.088 0.076 0.344 0.369 0.394 4 1.000 0.392 0
-0.1089 0.5246 0.0565 0.967 -0.255 0.003 0.319 0.347 0.369 4 1.000 0.515 0
-0.0969 0.5685 -0.0434 0.967 -0.255 0.003 0.319 0.347 0.369 4 1.000 0.000 0
-0.0998 0.5589 0.0487 0.967 -0.255 0.003 0.319 0.347 0.369 4 1.000 0.085 0
-0.1034 0.4740 -0.0473 0.999 -0.002 0.053 0.341 0.371 0.395 4 1.000 1.000 0
-0.1089 0.5246 0.0565 0.999 -0.002 0.053 0.341 0.371 0.395 4 1.000 0.515 0
-0.1087 0.4881 0.0518 0.999 -0.002 0.053 0.341 0.371 0.395 4 1.000 0.971 0
-0.1345 1.0130 -0.0000 -0.934 0.089 0.345 0.325 0.346 0.373 0 0.000 0.000 0
-0.0945 1.1463 0.0739 -0.934 0.089 0.345 0.325 0.346 0.373 0 0.000 0.000 0
-0.1213 1.1398 0.0029 -0.934 0.089 0.345 0.325 0.346 0.373 0 0.000 0.000 0
-0.1909 0.4854 -0.0405 -0.011 0.450 -0.893 0.325 0.350 0.375 4 1.000 1.000 0
-0.1038 0.5246 -0.0218 -0.011 0.450 -0.893 0.325 0.350 0.375 4 1.000 0.515 0
-0.1034 0.4740 -0.0473 -0.011 0.450 -0.893 0.325 0.350 0.375 4 1.000 1.000 0
-0.1811 0.5344 -0.0176 -0.103 -0.425 -0.899 0.328 0.353 0.379 4 1.000 0.392 0
-0.0969 0.5685 -0.0434 -0.103 -0.425 -0.899 0.328 0.353 0.379 4 1.000 0.000 0
-0.1038 0.5246 -0.0218 -0.103 -0.425 -0.899 0.328 0.353 0.379 4 1.000 0.515 0
-0.0863 1.4379 0.0615 -0.118 0.868 0.483 0.384 0.420 0.447 2 0.067 0.000 0
-0.1592 1.4682 -0.0105 -0.118 0.868 0.483 0.384 0.420 0.447 2 0.356 0.000 0
-0.1494 1.4392 0.0437 -0.118 0.868 0.483 0.384 0.420 0.447 2 0.409 0.000 0
-0.0863 1.4534 -0.0831 -0.096 0.952 -0.289 0.391 0.425 0.449 2 0.016 0.000 0
-0.1530 1.4519 -0.0662 -0.096 0.952 -0.289 0.391 0.425 0.449 2 0.387 0.000 0
-0.1592 1.4682 -0.0105 -0.096 0.952 -0.289 0.391 0.425 0.449 2 0.356 0.000 0
-0.2008 1.4392 0.0367 -0.571 0.821 0.000 0.369 0.399 0.425 2 0.691 0.000 0
-0.1592 1.4682 -0.0105 -0.571 0.821 0.000 0.369 0.399 0.425 2 0.356 0.000 0
-0.2008 1.4392 -0.0414 -0.571 0.821 0.000 0.369 0.399 0.425 2 0.695 0.000 0
-0.1530 1.4519 -0.0662 -0.464 0.016 -0.886 0.332 0.364 0.385 2 0.387 0.000 0
-0.1648 1.3386 -0.0620 -0.464 0.016 -0.886 0.332 0.364 0.385 2 0.881 0.000 0
-0.2008 1.4392 -0.0414 -0.464 0.016 -0.886 0.332 0.364 0.385 2 0.695 0.000 0
-0.1494 1.4392 0.0437 -0.066 0.876 0.478 0.353 0.379 0.404 2 0.409 0.000 0
-0.1592 1.4682 -0.0105 -0.066 0.876 0.478 0.353 0.379 0.404 2 0.356 0.000 0
-0.2008 1.4392 0.0367 -0.066 0.876 0.478 0.353 0.379 0.404 2 0.691 0.000 0
-0.1494 1.4392 0.0437 -0.136 0.035 0.990 0.323 0.357 0.375 2 0.409 0.000 0
-0.2008 1.4392 0.0367 -0.136 0.035 0.990 0.323 0.357 0.375 2 0.691 0.000 0
-0.1645 1.3412 0.0452 -0.136 0.035 0.990 0.323 0.357 0.375 2 0.864 0.000 0
-0.0945 1.1463 -0.0512 -0.356 -0.182 -0.917 0.344 0.370 0.397 0 0.000 0.000 0
-0.1648 1.3386 -0.0620 -0.356 -0.182 -0.917 0.344 0.370 0.397 2 0.881 0.000 0
-0.0951 1.2928 -0.0800 -0.356 -0.182 -0.917 0.344 0.370 0.397 0 0.000 0.000 0
-0.1645 1.3412 0.0452 -0.893 -0.267 0.362 0.331 0.357 0.385 2 0.864 0.000 0
-0.1213 1.1398 0.0029 -0.893 -0.267 0.362 0.331 0.357 0.385 0 0.000 0.000 0
-0.0945 1.1463 0.0739 -0.893 -0.267 0.362 0.331 0.357 0.385 0 0.000 0.000 0
-0.0957 1.2760 0.0878 -0.263 0.169 0.950 0.324 0.356 0.387 0 0.000 0.000 0
-0.0863 1.4379 0.0615 -0.263 0.169 0.950 0.324 0.356 0.387 2 0.067 0.000 0
-0.1494 1.4392 0.0437 -0.263 0.169 0.950 0.324 0.356 0.387 2 0.409 0.000 0
-0.0951 1.2928 -0.0800 -0.252 -0.005 -0.968 0.342 0.377 0.403 0 0.000 0.000 0
-0.1648 1.3386 -0.0620 -0.252 -0.005 -0.968 0.342 0.377 0.403 2 0.881 0.000 0
-0.0863 1.4534 -0.0831 -0.252 -0.005 -0.968 0.342 0.377 0.403 2 0.016 0.000 0
-0.1645 1.3412 0.0452 -0.466 0.084 0.881 0.292 0.315 0.347 2 0.864 0.000 0
-0.0957 1.2760 0.0878 -0.466 0.084 0.881 0.292 0.315 0.347 0 0.000 0.000 0
-0.1494 1.4392 0.0437 -0.466 0.084 0.881 0.292 0.315 0.347 2 0.409 0.000 0
-0.0863 1.4534 -0.0831 -0.245 -0.010 -0.969 0.344 0.377 0.403 2 0.016 0.000 0
-0.1648 1.3386 -0.0620 -0.245 -0.010 -0.969 0.344 0.377 0.403 2 0.881 0.000 0
-0.1530 1.4519 -0.0662 -0.245 -0.010 -0.969 0.344 0.377 0.403 2 0.387 0.000 0
-0.0945 1.1463 0.0739 -0.585 -0.091 0.806 0.285 0.309 0.341 0 0.000 0.000 0
-0.0957 1.2760 0.0878 -0.585 -0.091 0.806 0.285 0.309 0.341 0 0.000 0.000 0
-0.1645 1.3412 0.0452 -0.585 -0.091 0.806 0.285 0.309 0.341 2 0.864 0.000 0
-0.2082 0.2696 -0.0277 -0.987 -0.039 0.153 0.350 0.374 0.403 4 1.000 1.000 0
-0.2037 0.0636 -0.0514 -0.987 -0.039 0.153 0.350 0.374 0.403 4 1.000 1.000 0
-0.1978 0.0824 -0.0083 -0.987 -0.039 0.153 0.350 0.374 0.403 4 1.000 1.000 0
-0.2082 0.2696 -0.0277 -0.987 -0.040 0.158 0.363 0.391 0.417 4 1.000 1.000 0
-0.2182 0.2510 -0.0946 -0.987 -0.040 0.158 0.363 0.391 0.417 4 1.000 1.000 0
-0.2037 0.0636 -0.0514 -0.987 -0.040 0.158 0.363 0.391 0.417 4 1.000 1.000 0
-0.1372 0.2510 -0.1090 0.998 -0.066 0.010 0.354 0.383 0.408 4 1.000 1.000 0
-0.1493 0.0824 -0.0081 0.998 -0.066 0.010 0.354 0.383 0.408 4 1.000 1.000 0
-0.1500 0.0636 -0.0609 0.998 -0.066 0.010 0.354 0.383 0.408 4 1.000 1.000 0
-0.1372 0.2510 -0.1090 0.998 -0.059 0.021 0.370 0.402 0.428 4 1.000 1.000 0
-0.1379 0.2696 -0.0274 0.998 -0.059 0.021 0.370 0.402 0.428 4 1.000 1.000 0
-0.1493 0.0824 -0.0081 0.998 -0.059 0.021 0.370 0.402 0.428 4 1.000 1.000 0
-0.1379 0.2696 -0.0274 -0.004 0.103 0.995 0.365 0.393 0.420 4 1.000 1.000 0
-0.1978 0.0824 -0.0083 -0.004 0.103 0.995 0.365 0.393 0.420 4 1.000 1.000 0
-0.1493 0.0824 -0.0081 -0.004 0.103 0.995 0.365 0.393 0.420 4 1.000 1.000 0
-0.1379 0.2696 -0.0274 -0.004 0.103 0.995 0.355 0.382 0.408 4 1.000 1.000 0
-0.2082 0.2696 -0.0277 -0.004 0.103 0.995 0.355 0.382 0.408 4 1.000 1.000 0
-0.1978 0.0824 -0.0083 -0.004 0.103 0.995 0.355 0.382 0.408 4 1.000 1.000 0
-0.1727 0.0000 -0.0968 0.000 -1.000 0.000 0.232 0.254 0.272 4 1.000 1.000 0
-0.1030 0.0000 0.0059 0.000 -1.000 0.000 0.232 0.254 0.272 4 1.000 1.000 0
-0.2425 0.0000 0.0053 0.000 -1.000 0.000 0.232 0.254 0.272 4 1.000 1.000 0
-0.1500 0.0636 -0.0609 0.827 0.022 -0.562 0.330 0.364 0.388 4 1.000 1.000 0
-0.1030 0.0000 0.0059 0.827 0.022 -0.562 0.330 0.364 0.388 4 1.000 1.000 0
-0.1727 0.0000 -0.0968 0.827 0.022 -0.562 0.330 0.364 0.388 4 1.000 1.000 0
-0.1971 0.0489 -0.0071 -0.709 0.692 0.136 0.308 0.338 0.381 4 1.000 1.000 0
-0.2425 0.0000 0.0053 -0.709 0.692 0.136 0.308 0.338 0.381 4 1.000 1.000 0
-0.2082 0.0158 0.1038 -0.709 0.692 0.136 0.308 0.338 0.381 4 1.000 1.000 0
-0.2037 0.0636 -0.0514 -0.149 0.526 -0.838 0.327 0.354 0.378 4 1.000 1.000 0
-0.1500 0.0636 -0.0609 -0.149 0.526 -0.838 0.327 0.354 0.378 4 1.000 1.000 0
-0.1727 0.0000 -0.0968 -0.149 0.526 -0.838 0.327 0.354 0.378 4 1.000 1.000 0
-0.1372 0.0000 0.1200 1.000 0.000 0.000 0.224 0.236 0.337 4 1.000 1.000 0
-0.1372 0.0158 0.1200 1.000 0.000 0.000 0.224 0.236 0.337 4 1.000 1.000 0
-0.1372 0.0000 0.2005 1.000 0.000 0.000 0.224 0.236 0.337 4 1.000 1.000 0
-0.2425 0.0000 0.0053 0.000 -1.000 0.000 0.233 0.255 0.270 4 1.000 1.000 0
-0.1715 0.0000 0.1119 0.000 -1.000 0.000 0.233 0.255 0.270 4 1.000 1.000 0
-0.2057 0.0000 0.1038 0.000 -1.000 0.000 0.233 0.255 0.270 4 1.000 1.000 0
-0.1500 0.0489 -0.0069 -0.059 0.964 0.258 0.334 0.356 0.416 4 1.000 1.000 0
-0.1727 0.0158 0.1119 -0.059 0.964 0.258 0.334 0.356 0.416 4 1.000 1.000 0
-0.1372 0.0158 0.1200 -0.059 0.964 0.258 0.334 0.356 0.416 4 1.000 1.000 0
-0.1030 0.0000 0.0059 0.958 0.000 0.287 0.298 0.323 0.377 4 1.000 1.000 0
-0.1372 0.0158 0.1200 0.958 0.000 0.287 0.298 0.323 0.377 4 1.000 1.000 0
-0.1372 0.0000 0.1200 0.958 0.000 0.287 0.298 0.323 0.377 4 1.000 1.000 0
-0.2082 0.0158 0.1038 -0.926 -0.149 0.346 0.276 0.313 0.354 4 1.000 1.000 0
-0.2425 0.0000 0.0053 -0.926 -0.149 0.346 0.276 0.313 0.354 4 1.000 1.000 0
-0.2057 0.0000 0.1038 -0.926 -0.149 0.346 0.276 0.313 0.354 4 1.000 1.000 0
-0.2425 0.0000 0.0053 -0.826 0.001 -0.564 0.321 0.354 0.378 4 1.000 1.000 0
-0.2037 0.0636 -0.0514 -0.826 0.001 -0.564 0.321 0.354 0.378 4 1.000 1.000 0
-0.1727 0.0000 -0.0968 -0.826 0.001 -0.564 0.321 0.354 0.378 4 1.000 1.000 0
-0.1372 0.0158 0.1200 0.701 0.704 0.113 0.353 0.378 0.425 4 1.000 1.000 0
-0.1030 0.0000 0.0059 0.701 0.704 0.113 0.353 0.378 0.425 4 1.000 1.000 0
-0.1500 0.0489 -0.0069 0.701 0.704 0.113 0.353 0.378 0.425 4 1.000 1.000 0
-0.1030 0.0000 0.0059 0.681 0.706 0.192 0.353 0.382 0.407 4 1.000 1.000 0
-0.1500 0.0636 -0.0609 0.681 0.706 0.192 0.353 0.382 0.407 4 1.000 1.000 0
-0.1500 0.0489 -0.0069 0.681 0.706 0.192 0.353 0.382 0.407 4 1.000 1.000 0
-0.0863 1.4379 0.0615 -0.156 0.844 0.513 0.425 0.457 0.484 2 0.067 0.000 0
-0.0863 1.4817 -0.0105 -0.156 0.844 0.513 0.425 0.457 0.484 1 0.984 0.000 0
-0.1592 1.4682 -0.0105 -0.156 0.844 0.513 0.425 0.457 0.484 2 0.356 0.000 0
-0.0863 1.4817 -0.0105 -0.170 0.918 -0.357 0.410 0.439 0.462 1 0.984 0.000 0
-0.0863 1.4534 -0.0831 -0.170 0.918 -0.357 0.410 0.439 0.462 2 0.016 0.000 0
-0.1592 1.4682 -0.0105 -0.170 0.918 -0.357 0.410 0.439 0.462 2 0.356 0.000 0
-0.0000 1.3934 0.0608 0.407 0.781 0.473 0.366 0.395 0.427 0 0.000 0.000 0
-0.0273 1.4320 0.0205 0.407 0.781 0.473 0.366 0.395 0.427 1 0.488 0.000 0
-0.0863 1.4379 0.0615 0.407 0.781 0.473 0.366 0.395 0.427 2 0.067 0.000 0
-0.0863 1.4817 -0.0105 0.000 0.932 -0.362 0.321 0.340 0.363 1 0.984 0.000 0
-0.0363 1.4653 -0.0526 0.000 0.932 -0.362 0.321 0.340 0.363 1 0.821 0.000 0
-0.0863 1.4534 -0.0831 0.000 0.932 -0.362 0.321 0.340 0.363 2 0.016 0.000 0
-0.0863 1.4379 0.0615 0.142 0.260 0.955 0.367 0.397 0.428 2 0.067 0.000 0
-0.0000 1.2753 0.0930 0.142 0.260 0.955 0.367 0.397 0.428 0 0.000 0.000 0
-0.0000 1.3934 0.0608 0.142 0.260 0.955 0.367 0.397 0.428 0 0.000 0.000 0
-0.0945 1.1463 0.0739 -0.040 0.151 0.988 0.336 0.362 0.389 0 0.000 0.000 0
-0.0000 0.9932 0.1011 -0.040 0.151 0.988 0.336 0.362 0.389 0 0.000 0.000 0
-0.0000 1.1716 0.0739 -0.040 0.151 0.988 0.336 0.362 0.389 0 0.000 0.000 0
-0.0945 1.1463 0.0739 -0.055 -0.107 0.993 0.326 0.358 0.389 0 0.000 0.000 0
-0.0000 1.2753 0.0930 -0.055 -0.107 0.993 0.326 0.358 0.389 0 0.000 0.000 0
-0.0957 1.2760 0.0878 -0.055 -0.107 0.993 0.326 0.358 0.389 0 0.000 0.000 0
-0.2057 0.0000 0.1038 0.000 -1.000 0.000 0.194 0.212 0.223 4 1.000 1.000 0
-0.1715 0.0000 0.1119 0.000 -1.000 0.000 0.194 0.212 0.223 4 1.000 1.000 0
-0.2057 0.0000 0.1843 0.000 -1.000 0.000 0.194 0.212 0.223 4 1.000 1.000 0
-0.2082 0.0158 0.1038 -0.987 -0.159 0.000 0.243 0.263 0.379 4 1.000 1.000 0
-0.2057 0.0000 0.1038 -0.987 -0.159 0.000 0.243 0.263 0.379 4 1.000 1.000 0
-0.2057 0.0000 0.1843 -0.987 -0.159 0.000 0.243 0.263 0.379 4 1.000 1.000 0
-0.1372 0.0158 0.1200 0.000 1.000 -0.000 0.266 0.272 0.404 4 1.000 1.000 0
-0.1727 0.0158 0.1119 0.000 1.000 -0.000 0.266 0.272 0.404 4 1.000 1.000 0
-0.1372 0.0158 0.2005 0.000 1.000 -0.000 0.266 0.272 0.404 4 1.000 1.000 0
-0.2057 0.0158 0.1843 0.000 1.000 0.000 0.253 0.261 0.399 4 1.000 1.000 0
-0.1727 0.0158 0.1119 0.000 1.000 0.000 0.253 0.261 0.399 4 1.000 1.000 0
-0.2082 0.0158 0.1038 0.000 1.000 0.000 0.253 0.261 0.399 4 1.000 1.000 0
-0.1715 0.0000 0.1119 -0.930 -0.075 0.360 0.207 0.222 0.275 4 1.000 1.000 0
-0.1372 0.0000 0.2005 -0.930 -0.075 0.360 0.207 0.222 0.275 4 1.000 1.000 0
-0.1727 0.0158 0.1119 -0.930 -0.075 0.360 0.207 0.222 0.275 4 1.000 1.000 0
-0.1727 0.0158 0.1119 0.910 0.000 0.414 0.183 0.188 0.263 4 1.000 1.000 0
-0.2057 0.0158 0.1843 0.910 0.000 0.414 0.183 0.188 0.263 4 1.000 1.000 0
-0.2057 0.0000 0.1843 0.910 0.000 0.414 0.183 0.188 0.263 4 1.000 1.000 0
-0.1372 0.0000 0.2005 0.000 -1.000 -0.000 0.207 0.222 0.243 4 1.000 1.000 0
-0.1715 0.0000 0.1119 0.000 -1.000 -0.000 0.207 0.222 0.243 4 1.000 1.000 0
-0.1372 0.0000 0.1200 0.000 -1.000 -0.000 0.207 0.222 0.243 4 1.000 1.000 0
-0.5716 1.0625 -0.0027 0.458 -0.889 -0.000 0.364 0.395 0.419 2 1.000 1.000 0
-0.5716 1.0625 0.0362 0.458 -0.889 -0.000 0.364 0.395 0.419 2 1.000 1.000 0
-0.6243 1.0354 0.0236 0.458 -0.889 -0.000 0.364 0.395 0.419 2 1.000 1.000 0
-0.1648 1.3386 -0.0620 0.499 -0.859 0.113 0.375 0.410 0.434 2 0.881 0.000 0
-0.3848 1.2229 0.0292 0.499 -0.859 0.113 0.375 0.410 0.434 2 1.000 0.037 0
-0.3804 1.2178 -0.0292 0.499 -0.859 0.113 0.375 0.410 0.434 2 1.000 0.000 0
-0.1648 1.3386 -0.0620 0.472 -0.882 0.019 0.360 0.392 0.424 2 0.881 0.000 0
-0.1870 1.3291 0.0444 0.472 -0.882 0.019 0.360 0.392 0.424 2 1.000 0.000 0
-0.3848 1.2229 0.0292 0.472 -0.882 0.019 0.360 0.392 0.424 2 1.000 0.037 0
-0.1870 1.3291 0.0444 -0.052 -0.046 0.998 0.364 0.400 0.429 2 1.000 0.000 0
-0.4143 1.2567 0.0292 -0.052 -0.046 0.998 0.364 0.400 0.429 2 1.000 0.033 0
-0.3848 1.2229 0.0292 -0.052 -0.046 0.998 0.364 0.400 0.429 2 1.000 0.037 0
-0.1870 1.3291 0.0444 -0.085 0.059 0.995 0.380 0.413 0.439 2 1.000 0.000 0
-0.2008 1.4392 0.0367 -0.085 0.059 0.995 0.380 0.413 0.439 2 0.691 0.000 0
-0.4143 1.2567 0.0292 -0.085 0.059 0.995 0.380 0.413 0.439 2 1.000 0.033 0
-0.5972 1.0918 0.0362 -0.771 0.636 0.000 0.403 0.439 0.466 2 1.000 1.000 0
-0.5972 1.0918 -0.0027 -0.771 0.636 0.000 0.403 0.439 0.466 2 1.000 1.000 0
-0.6258 1.0572 0.0233 -0.771 0.636 0.000 0.403 0.439 0.466 2 1.000 1.000 0
-0.5972 1.0918 -0.0027 -0.636 -0.054 -0.770 0.377 0.410 0.434 2 1.000 1.000 0
-0.6243 1.0354 0.0236 -0.636 -0.054 -0.770 0.377 0.410 0.434 2 1.000 1.000 0
-0.6258 1.0572 0.0233 -0.636 -0.054 -0.770 0.377 0.410 0.434 2 1.000 1.000 0
-0.5972 1.0918 -0.0027 -0.313 -0.273 -0.910 0.385 0.420 0.446 2 1.000 1.000 0
-0.5716 1.0625 -0.0027 -0.313 -0.273 -0.910 0.385 0.420 0.446 2 1.000 1.000 0
-0.6243 1.0354 0.0236 -0.313 -0.273 -0.910 0.385 0.420 0.446 2 1.000 1.000 0
-0.5716 1.0625 0.0362 -0.231 -0.006 0.973 0.373 0.406 0.427 2 1.000 1.000 0
-0.6258 1.0572 0.0233 -0.231 -0.006 0.973 0.373 0.406 0.427 2 1.000 1.000 0
-0.6243 1.0354 0.0236 -0.231 -0.006 0.973 0.373 0.406 0.427 2 1.000 1.000 0
-0.5716 1.0625 0.0362 -0.210 -0.184 0.960 0.386 0.419 0.444 2 1.000 1.000 0
-0.5972 1.0918 0.0362 -0.210 -0.184 0.960 0.386 0.419 0.444 2 1.000 1.000 0
-0.6258 1.0572 0.0233 -0.210 -0.184 0.960 0.386 0.419 0.444 2 1.000 1.000 0
-0.1648 1.3386 -0.0620 -0.169 0.140 -0.976 0.359 0.394 0.418 2 0.881 0.000 0
-0.4188 1.2618 -0.0292 -0.169 0.140 -0.976 0.359 0.394 0.418 2 1.000 0.000 0
-0.2008 1.4392 -0.0414 -0.169 0.140 -0.976 0.359 0.394 0.418 2 0.695 0.000 0
-0.0000 1.4299 0.0251 -0.070 0.697 0.714 0.280 0.304 0.333 1 0.467 0.000 0
-0.0273 1.4320 0.0205 -0.070 0.697 0.714 0.280 0.304 0.333 1 0.488 0.000 0
-0.0000 1.3934 0.0608 -0.070 0.697 0.714 0.280 0.304 0.333 0 0.000 0.000 0
-0.0273 1.4320 0.0205 0.073 0.589 0.805 0.305 0.327 0.351 1 0.488 0.000 0
-0.0400 1.4734 -0.0087 0.073 0.589 0.805 0.305 0.327 0.351 1 0.902 0.000 0
-0.0863 1.4817 -0.0105 0.073 0.589 0.805 0.305 0.327 0.351 1 0.984 0.000 0
-0.0363 1.4653 -0.0526 -0.996 0.069 -0.063 0.277 0.307 0.332 1 0.821 0.000 1
-0.0363 1.5121 -0.0018 -0.996 0.069 -0.063 0.277 0.307 0.332 1 1.000 0.000 1
-0.0315 1.5537 -0.0323 -0.996 0.069 -0.063 0.277 0.307 0.332 1 1.000 0.000 1
-0.0363 1.4653 -0.0526 -0.988 0.115 -0.105 0.283 0.312 0.336 1 0.821 0.000 1
-0.0400 1.4734 -0.0087 -0.988 0.115 -0.105 0.283 0.312 0.336 1 0.902 0.000 1
-0.0363 1.5121 -0.0018 -0.988 0.115 -0.105 0.283 0.312 0.336 1 1.000 0.000 1
-0.0400 1.4734 -0.0087 0.179 0.970 -0.165 0.314 0.334 0.350 1 0.902 0.000 1
-0.0363 1.4653 -0.0526 0.179 0.970 -0.165 0.314 0.334 0.350 1 0.821 0.000 1
-0.0863 1.4817 -0.0105 0.179 0.970 -0.165 0.314 0.334 0.350 1 0.984 0.000 1
-0.0315 1.5537 -0.0323 -0.519 -0.834 -0.190 0.292 0.317 0.343 1 1.000 0.000 1
-0.0436 1.5522 0.0073 -0.519 -0.834 -0.190 0.292 0.317 0.343 1 1.000 0.000 1
-0.0927 1.5936 -0.0404 -0.519 -0.834 -0.190 0.292 0.317 0.343 1 1.000 0.000 1
-0.0000 1.4584 -0.0553 -0.186 0.172 -0.967 0.287 0.312 0.338 1 0.752 0.000 1
-0.0315 1.5537 -0.0323 -0.186 0.172 -0.967 0.287 0.312 0.338 1 1.000 0.000 1
-0.0000 1.5485 -0.0393 -0.186 0.172 -0.967 0.287 0.312 0.338 1 1.000 0.000 1
-0.0000 1.4584 -0.0553 -0.032 0.225 -0.974 0.322 0.340 0.370 1 0.752 0.000 1
-0.0363 1.4653 -0.0526 -0.032 0.225 -0.974 0.322 0.340 0.370 1 0.821 0.000 1
-0.0315 1.5537 -0.0323 -0.032 0.225 -0.974 0.322 0.340 0.370 1 1.000 0.000 1
-0.0400 1.4734 -0.0087 -0.909 0.014 0.417 0.273 0.300 0.325 1 0.902 0.000 1
-0.0185 1.5220 0.0365 -0.909 0.014 0.417 0.273 0.300 0.325 1 1.000 0.000 1
-0.0363 1.5121 -0.0018 -0.909 0.014 0.417 0.273 0.300 0.325 1 1.000 0.000 1
-0.0400 1.4734 -0.0087 -0.909 0.014 0.417 0.267 0.294 0.321 1 0.902 0.000 1
-0.0273 1.4320 0.0205 -0.909 0.014 0.417 0.267 0.294 0.321 1 0.488 0.000 1
-0.0185 1.5220 0.0365 -0.909 0.014 0.417 0.267 0.294 0.321 1 1.000 0.000 1
-0.0863 1.4379 0.0615 0.408 0.780 0.474 0.364 0.389 0.420 2 0.067 0.000 0
-0.0273 1.4320 0.0205 0.408 0.780 0.474 0.364 0.389 0.420 1 0.488 0.000 0
-0.0863 1.4817 -0.0105 0.408 0.780 0.474 0.364 0.389 0.420 1 0.984 0.000 0
-0.0643 1.5983 0.1015 -0.433 -0.318 0.843 0.147 0.156 0.172 1 1.000 0.000 1
-0.0000 1.6220 0.1435 -0.433 -0.318 0.843 0.147 0.156 0.172 1 1.000 0.000 1
-0.0706 1.6696 0.1251 -0.433 -0.318 0.843 0.147 0.156 0.172 1 1.000 0.000 1
-0.0000 1.5485 -0.0393 -0.240 -0.870 -0.430 0.267 0.294 0.318 1 1.000 0.000 1
-0.0315 1.5537 -0.0323 -0.240 -0.870 -0.430 0.267 0.294 0.318 1 1.000 0.000 1
-0.0000 1.5830 -0.1092 -0.240 -0.870 -0.430 0.267 0.294 0.318 1 1.000 0.000 1
-0.0436 1.5522 0.0073 -0.812 -0.575 0.103 0.233 0.247 0.273 1 1.000 0.000 1
-0.0185 1.5220 0.0365 -0.812 -0.575 0.103 0.233 0.247 0.273 1 1.000 0.000 1
-0.0643 1.5983 0.1015 -0.812 -0.575 0.103 0.233 0.247 0.273 1 1.000 0.000 1
-0.0917 1.5986 0.0381 -0.962 -0.043 0.268 0.312 0.338 0.364 1 1.000 0.000 1
-0.0706 1.6696 0.1251 -0.962 -0.043 0.268 0.312 0.338 0.364 1 1.000 0.000 1
-0.1067 1.6692 -0.0044 -0.962 -0.043 0.268 0.312 0.338 0.364 1 1.000 0.000 1
-0.0315 1.5537 -0.0323 -0.950 -0.107 -0.295 0.240 0.262 0.289 1 1.000 0.000 1
-0.0363 1.5121 -0.0018 -0.950 -0.107 -0.295 0.240 0.262 0.289 1 1.000 0.000 1
-0.0436 1.5522 0.0073 -0.950 -0.107 -0.295 0.240 0.262 0.289 1 1.000 0.000 1
-0.0363 1.5121 -0.0018 -0.849 -0.260 0.460 0.238 0.261 0.288 1 1.000 0.000 1
-0.0185 1.5220 0.0365 -0.849 -0.260 0.460 0.238 0.261 0.288 1 1.000 0.000 1
-0.0436 1.5522 0.0073 -0.849 -0.260 0.460 0.238 0.261 0.288 1 1.000 0.000 1
-0.0308 1.5026 0.1086 -0.513 -0.116 0.851 0.228 0.250 0.272 1 1.000 0.000 1
-0.0000 1.6220 0.1435 -0.513 -0.116 0.851 0.228 0.250 0.272 1 1.000 0.000 1
-0.0643 1.5983 0.1015 -0.513 -0.116 0.851 0.228 0.250 0.272 1 1.000 0.000 1
-0.1067 1.6692 -0.0044 -0.962 0.054 0.268 0.321 0.345 0.369 1 1.000 0.000 1
-0.0706 1.6696 0.1251 -0.962 0.054 0.268 0.321 0.345 0.369 1 1.000 0.000 1
-0.0787 1.7223 0.0856 -0.962 0.054 0.268 0.321 0.345 0.369 1 1.000 0.000 1
-0.0863 1.7716 0.0249 -0.298 0.954 0.025 0.399 0.435 0.460 1 1.000 0.000 1
-0.0000 1.7985 0.0291 -0.298 0.954 0.025 0.399 0.435 0.460 1 1.000 0.000 1
-0.0863 1.7739 -0.0625 -0.298 0.954 0.025 0.399 0.435 0.460 1 1.000 0.000 1
-0.0863 1.7739 -0.0625 -0.236 0.778 -0.582 0.392 0.428 0.454 1 1.000 0.000 1
-0.0000 1.8000 -0.0626 -0.236 0.778 -0.582 0.392 0.428 0.454 1 1.000 0.000 1
-0.0785 1.7360 -0.1164 -0.236 0.778 -0.582 0.392 0.428 0.454 1 1.000 0.000 1
-0.0785 1.7360 -0.1164 -0.289 0.218 -0.932 0.392 0.425 0.451 1 1.000 0.000 1
-0.0000 1.7545 -0.1364 -0.289 0.218 -0.932 0.392 0.425 0.451 1 1.000 0.000 1
-0.0717 1.6684 -0.1343 -0.289 0.218 -0.932 0.392 0.425 0.451 1 1.000 0.000 1
-0.0717 1.6684 -0.1343 -0.235 -0.398 -0.887 0.388 0.423 0.450 1 1.000 0.000 1
-0.0000 1.6694 -0.1537 -0.235 -0.398 -0.887 0.388 0.423 0.450 1 1.000 0.000 1
-0.0561 1.5858 -0.1013 -0.235 -0.398 -0.887 0.388 0.423 0.450 1 1.000 0.000 1
-0.0927 1.5936 -0.0404 -0.674 -0.736 0.055 0.293 0.316 0.341 1 1.000 0.000 1
-0.0436 1.5522 0.0073 -0.674 -0.736 0.055 0.293 0.316 0.341 1 1.000 0.000 1
-0.0917 1.5986 0.0381 -0.674 -0.736 0.055 0.293 0.316 0.341 1 1.000 0.000 1
-0.0927 1.5936 -0.0404 -0.516 -0.832 -0.203 0.332 0.353 0.383 1 1.000 0.000 1
-0.0561 1.5858 -0.1013 -0.516 -0.832 -0.203 0.332 0.353 0.383 1 1.000 0.000 1
-0.0315 1.5537 -0.0323 -0.516 -0.832 -0.203 0.332 0.353 0.383 1 1.000 0.000 1
-0.0917 1.5986 0.0381 -0.584 -0.772 0.249 0.237 0.261 0.282 1 1.000 0.000 1
-0.0436 1.5522 0.0073 -0.584 -0.772 0.249 0.237 0.261 0.282 1 1.000 0.000 1
-0.0643 1.5983 0.1015 -0.584 -0.772 0.249 0.237 0.261 0.282 1 1.000 0.000 1
-0.0643 1.5983 0.1015 -0.898 -0.208 0.388 0.268 0.295 0.320 1 1.000 0.000 1
-0.0706 1.6696 0.1251 -0.898 -0.208 0.388 0.268 0.295 0.320 1 1.000 0.000 1
-0.0917 1.5986 0.0381 -0.898 -0.208 0.388 0.268 0.295 0.320 1 1.000 0.000 1
-0.0561 1.5858 -0.1013 -0.825 -0.337 -0.453 0.387 0.417 0.445 1 1.000 0.000 1
-0.0927 1.5936 -0.0404 -0.825 -0.337 -0.453 0.387 0.417 0.445 1 1.000 0.000 1
-0.0717 1.6684 -0.1343 -0.825 -0.337 -0.453 0.387 0.417 0.445 1 1.000 0.000 1
-0.1067 1.6685 -0.0704 -0.876 0.039 -0.481 0.392 0.425 0.450 1 1.000 0.000 1
-0.0785 1.7360 -0.1164 -0.876 0.039 -0.481 0.392 0.425 0.450 1 1.000 0.000 1
-0.0717 1.6684 -0.1343 -0.876 0.039 -0.481 0.392 0.425 0.450 1 1.000 0.000 1
-0.0717 1.6684 -0.1343 -0.826 -0.336 -0.453 0.390 0.422 0.448 1 1.000 0.000 1
-0.0927 1.5936 -0.0404 -0.826 -0.336 -0.453 0.390 0.422 0.448 1 1.000 0.000 1
-0.1067 1.6685 -0.0704 -0.826 -0.336 -0.453 0.390 0.422 0.448 1 1.000 0.000 1
-0.0927 1.5936 -0.0404 -0.981 -0.193 0.024 0.360 0.390 0.415 1 1.000 0.000 1
-0.0917 1.5986 0.0381 -0.981 -0.193 0.024 0.360 0.390 0.415 1 1.000 0.000 1
-0.1067 1.6692 -0.0044 -0.981 -0.193 0.024 0.360 0.390 0.415 1 1.000 0.000 1
-0.1067 1.6685 -0.0704 -0.983 -0.183 0.002 0.384 0.419 0.444 1 1.000 0.000 1
-0.0927 1.5936 -0.0404 -0.983 -0.183 0.002 0.384 0.419 0.444 1 1.000 0.000 1
-0.1067 1.6692 -0.0044 -0.983 -0.183 0.002 0.384 0.419 0.444 1 1.000 0.000 1
-0.0863 1.7739 -0.0625 -0.982 0.190 -0.002 0.388 0.426 0.450 1 1.000 0.000 1
-0.1067 1.6685 -0.0704 -0.982 0.190 -0.002 0.388 0.426 0.450 1 1.000 0.000 1
-0.1067 1.6692 -0.0044 -0.982 0.190 -0.002 0.388 0.426 0.450 1 1.000 0.000 1
-0.0787 1.7223 0.0856 -0.966 0.128 0.226 0.356 0.380 0.409 1 1.000 0.000 1
-0.0863 1.7716 0.0249 -0.966 0.128 0.226 0.356 0.380 0.409 1 1.000 0.000 1
-0.1067 1.6692 -0.0044 -0.966 0.128 0.226 0.356 0.380 0.409 1 1.000 0.000 1
-0.0787 1.7223 0.0856 -0.273 0.729 0.628 0.377 0.409 0.437 1 1.000 0.000 1
-0.0000 1.7344 0.1057 -0.273 0.729 0.628 0.377 0.409 0.437 1 1.000 0.000 1
-0.0863 1.7716 0.0249 -0.273 0.729 0.628 0.377 0.409 0.437 1 1.000 0.000 1
-0.0706 1.6696 0.1251 -0.032 0.318 0.948 0.352 0.376 0.405 1 1.000 0.000 1
-0.0000 1.6220 0.1435 -0.032 0.318 0.948 0.352 0.376 0.405 1 1.000 0.000 1
-0.0000 1.7344 0.1057 -0.032 0.318 0.948 0.352 0.376 0.405 1 1.000 0.000 1
-0.0000 1.7344 0.1057 -0.285 0.546 0.787 0.364 0.391 0.419 1 1.000 0.000 1
-0.0787 1.7223 0.0856 -0.285 0.546 0.787 0.364 0.391 0.419 1 1.000 0.000 1
-0.0706 1.6696 0.1251 -0.285 0.546 0.787 0.364 0.391 0.419 1 1.000 0.000 1
-0.1067 1.6692 -0.0044 -0.981 0.194 0.005 0.383 0.417 0.444 1 1.000 0.000 1
-0.0863 1.7716 0.0249 -0.981 0.194 0.005 0.383 0.417 0.444 1 1.000 0.000 1
-0.0863 1.7739 -0.0625 -0.981 0.194 0.005 0.383 0.417 0.444 1 1.000 0.000 1
-0.0785 1.7360 -0.1164 -0.939 0.202 -0.279 0.390 0.425 0.450 1 1.000 0.000 1
-0.1067 1.6685 -0.0704 -0.939 0.202 -0.279 0.390 0.425 0.450 1 1.000 0.000 1
-0.0863 1.7739 -0.0625 -0.939 0.202 -0.279 0.390 0.425 0.450 1 1.000 0.000 1
-0.0000 1.5830 -0.1092 -0.101 -0.915 -0.390 0.321 0.337 0.370 1 1.000 0.000 1
-0.0315 1.5537 -0.0323 -0.101 -0.915 -0.390 0.321 0.337 0.370 1 1.000 0.000 1
-0.0561 1.5858 -0.1013 -0.101 -0.915 -0.390 0.321 0.337 0.370 1 1.000 0.000 1
-0.0561 1.5858 -0.1013 -0.147 -0.453 -0.880 0.368 0.393 0.425 1 1.000 0.000 1
-0.0000 1.6694 -0.1537 -0.147 -0.453 -0.880 0.368 0.393 0.425 1 1.000 0.000 1
-0.0000 1.5830 -0.1092 -0.147 -0.453 -0.880 0.368 0.393 0.425 1 1.000 0.000 1
-0.0717 1.6684 -0.1343 -0.259 0.193 -0.946 0.391 0.425 0.451 1 1.000 0.000 1
-0.0000 1.7545 -0.1364 -0.259 0.193 -0.946 0.391 0.425 0.451 1 1.000 0.000 1
-0.0000 1.6694 -0.1537 -0.259 0.193 -0.946 0.391 0.425 0.451 1 1.000 0.000 1
-0.0785 1.7360 -0.1164 -0.317 0.807 -0.498 0.395 0.427 0.455 1 1.000 0.000 1
-0.0000 1.8000 -0.0626 -0.317 0.807 -0.498 0.395 0.427 0.455 1 1.000 0.000 1
-0.0000 1.7545 -0.1364 -0.317 0.807 -0.498 0.395 0.427 0.455 1 1.000 0.000 1
-0.0863 1.7739 -0.0625 -0.289 0.957 0.015 0.418 0.449 0.476 1 1.000 0.000 1
-0.0000 1.7985 0.0291 -0.289 0.957 0.015 0.418 0.449 0.476 1 1.000 0.000 1
-0.0000 1.8000 -0.0626 -0.289 0.957 0.015 0.418 0.449 0.476 1 1.000 0.000 1
-0.0863 1.7716 0.0249 -0.261 0.740 0.620 0.416 0.450 0.478 1 1.000 0.000 1
-0.0000 1.7344 0.1057 -0.261 0.740 0.620 0.416 0.450 0.478 1 1.000 0.000 1
-0.0000 1.7985 0.0291 -0.261 0.740 0.620 0.416 0.450 0.478 1 1.000 0.000 1
0.0945 1.1463 -0.0512 0.896 0.103 -0.432 0.333 0.355 0.383 0 0.000 0.000 0
0.1213 1.1398 0.0029 0.896 0.103 -0.432 0.333 0.355 0.383 0 0.000 0.000 0
0.1345 1.0130 -0.0000 0.896 0.103 -0.432 0.333 0.355 0.383 0 0.000 0.000 0
-0.0945 1.1463 -0.0512 -0.896 0.103 -0.432 0.333 0.355 0.383 0 0.000 0.000 0
-0.1345 1.0130 -0.0000 -0.896 0.103 -0.432 0.333 0.355 0.383 0 0.000 0.000 0
-0.1213 1.1398 0.0029 -0.896 0.103 -0.432 0.333 0.355 0.383 0 0.000 0.000 0
0.1500 0.0636 -0.0609 -1.000 -0.022 -0.006 0.342 0.368 0.392 5 1.000 1.000 0
0.1500 0.0489 -0.0069 -1.000 -0.022 -0.006 0.342 0.368 0.392 5 1.000 1.000 0
0.1493 0.0824 -0.0081 -1.000 -0.022 -0.006 0.342 0.368 0.392 5 1.000 1.000 0
0.1493 0.0824 -0.0081 0.004 0.036 0.999 0.328 0.349 0.375 5 1.000 1.000 0
0.1971 0.0489 -0.0071 0.004 0.036 0.999 0.328 0.349 0.375 5 1.000 1.000 0
0.1978 0.0824 -0.0083 0.004 0.036 0.999 0.328 0.349 0.375 5 1.000 1.000 0
0.1493 0.0824 -0.0081 0.004 0.036 0.999 0.332 0.356 0.380 5 1.000 1.000 0
0.1500 0.0489 -0.0069 0.004 0.036 0.999 0.332 0.356 0.380 5 1.000 1.000 0
0.1971 0.0489 -0.0071 0.004 0.036 0.999 0.332 0.356 0.380 5 1.000 1.000 0
-0.2037 0.0636 -0.0514 -0.990 -0.014 0.142 0.314 0.340 0.365 4 1.000 1.000 0
-0.1971 0.0489 -0.0071 -0.990 -0.014 0.142 0.314 0.340 0.365 4 1.000 1.000 0
-0.1978 0.0824 -0.0083 -0.990 -0.014 0.142 0.314 0.340 0.365 4 1.000 1.000 0
-0.1493 0.0824 -0.0081 1.000 -0.022 -0.006 0.342 0.368 0.392 4 1.000 1.000 0
-0.1500 0.0489 -0.0069 1.000 -0.022 -0.006 0.342 0.368 0.392 4 1.000 1.000 0
-0.1500 0.0636 -0.0609 1.000 -0.022 -0.006 0.342 0.368 0.392 4 1.000 1.000 0
0.1978 0.0824 -0.0083 0.990 -0.014 0.142 0.314 0.340 0.365 5 1.000 1.000 0
0.1971 0.0489 -0.0071 0.990 -0.014 0.142 0.314 0.340 0.365 5 1.000 1.000 0
0.2037 0.0636 -0.0514 0.990 -0.014 0.142 0.314 0.340 0.365 5 1.000 1.000 0
-0.1978 0.0824 -0.0083 -0.004 0.036 0.999 0.335 0.359 0.383 4 1.000 1.000 0
-0.1500 0.0489 -0.0069 -0.004 0.036 0.999 0.335 0.359 0.383 4 1.000 1.000 0
-0.1493 0.0824 -0.0081 -0.004 0.036 0.999 0.335 0.359 0.383 4 1.000 1.000 0
-0.1978 0.0824 -0.0083 -0.004 0.036 0.999 0.325 0.350 0.375 4 1.000 1.000 0
-0.1971 0.0489 -0.0071 -0.004 0.036 0.999 0.325 0.350 0.375 4 1.000 1.000 0
-0.1500 0.0489 -0.0069 -0.004 0.036 0.999 0.325 0.350 0.375 4 1.000 1.000 0
-0.0000 1.6220 0.1435 0.000 -0.280 0.960 0.329 0.348 0.376 1 1.000 0.000 1
-0.0308 1.5026 0.1086 0.000 -0.280 0.960 0.329 0.348 0.376 1 1.000 0.000 1
0.0308 1.5026 0.1086 0.000 -0.280 0.960 0.329 0.348 0.376 1 1.000 0.000 1
0.0308 1.5026 0.1086 -0.000 -0.969 -0.249 0.223 0.242 0.266 1 1.000 0.000 1
-0.0308 1.5026 0.1086 -0.000 -0.969 -0.249 0.223 0.242 0.266 1 1.000 0.000 1
-0.0000 1.5200 0.0412 -0.000 -0.969 -0.249 0.223 0.242 0.266 1 1.000 0.000 1
-0.0308 1.5026 0.1086 -0.039 -0.963 -0.265 0.196 0.207 0.226 1 1.000 0.000 1
-0.0185 1.5220 0.0365 -0.039 -0.963 -0.265 0.196 0.207 0.226 1 1.000 0.000 1
-0.0000 1.5200 0.0412 -0.039 -0.963 -0.265 0.196 0.207 0.226 1 1.000 0.000 1
0.0643 1.5983 0.1015 0.909 -0.337 -0.245 0.246 0.267 0.293 1 1.000 0.000 1
0.0308 1.5026 0.1086 0.909 -0.337 -0.245 0.246 0.267 0.293 1 1.000 0.000 1
0.0185 1.5220 0.0365 0.909 -0.337 -0.245 0.246 0.267 0.293 1 1.000 0.000 1
-0.0185 1.5220 0.0365 -0.909 -0.337 -0.245 0.246 0.266 0.293 1 1.000 0.000 1
-0.0308 1.5026 0.1086 -0.909 -0.337 -0.245 0.246 0.266 0.293 1 1.000 0.000 1
-0.0643 1.5983 0.1015 -0.909 -0.337 -0.245 0.246 0.266 0.293 1 1.000 0.000 1
0.1588 0.8355 0.0700 0.997 0.063 0.033 0.364 0.396 0.421 5 0.586 0.000 0
0.1765 0.5700 0.0405 0.997 0.063 0.033 0.364 0.396 0.421 5 1.000 0.000 0
0.1785 0.5788 -0.0359 0.997 0.063 0.033 0.364 0.396 0.421 5 1.000 0.000 0
0.1727 0.0158 0.1119 0.064 0.958 0.280 0.332 0.360 0.418 5 1.000 1.000 0
0.2082 0.0158 0.1038 0.064 0.958 0.280 0.332 0.360 0.418 5 1.000 1.000 0
0.1971 0.0489 -0.0071 0.064 0.958 0.280 0.332 0.360 0.418 5 1.000 1.000 0
0.1727 0.0158 0.1119 0.001 0.963 0.268 0.329 0.354 0.387 5 1.000 1.000 0
0.1971 0.0489 -0.0071 0.001 0.963 0.268 0.329 0.354 0.387 5 1.000 1.000 0
0.1500 0.0489 -0.0069 0.001 0.963 0.268 0.329 0.354 0.387 5 1.000 1.000 0
-0.1727 0.0158 0.1119 -0.064 0.958 0.280 0.332 0.360 0.418 4 1.000 1.000 0
-0.1971 0.0489 -0.0071 -0.064 0.958 0.280 0.332 0.360 0.418 4 1.000 1.000 0
-0.2082 0.0158 0.1038 -0.064 0.958 0.280 0.332 0.360 0.418 4 1.000 1.000 0
-0.1971 0.0489 -0.0071 -0.001 0.963 0.268 0.329 0.354 0.387 4 1.000 1.000 0
-0.1727 0.0158 0.1119 -0.001 0.963 0.268 0.329 0.354 0.387 4 1.000 1.000 0
-0.1500 0.0489 -0.0069 -0.001 0.963 0.268 0.329 0.354 0.387 4 1.000 1.000 0
0.1715 0.0000 0.1119 0.000 -1.000 -0.000 0.231 0.253 0.268 5 1.000 1.000 0
0.1030 0.0000 0.0059 0.000 -1.000 -0.000 0.231 0.253 0.268 5 1.000 1.000 0
0.2425 0.0000 0.0053 0.000 -1.000 -0.000 0.231 0.253 0.268 5 1.000 1.000 0
0.1030 0.0000 0.0059 0.000 -1.000 0.000 0.238 0.256 0.278 5 1.000 1.000 0
0.1715 0.0000 0.1119 0.000 -1.000 0.000 0.238 0.256 0.278 5 1.000 1.000 0
0.1372 0.0000 0.1200 0.000 -1.000 0.000 0.238 0.256 0.278 5 1.000 1.000 0
-0.1715 0.0000 0.1119 0.000 -1.000 0.000 0.238 0.256 0.278 4 1.000 1.000 0
-0.1030 0.0000 0.0059 0.000 -1.000 0.000 0.238 0.256 0.278 4 1.000 1.000 0
-0.1372 0.0000 0.1200 0.000 -1.000 0.000 0.238 0.256 0.278 4 1.000 1.000 0
-0.1030 0.0000 0.0059 -0.000 -1.000 0.000 0.231 0.253 0.268 4 1.000 1.000 0
-0.1715 0.0000 0.1119 -0.000 -1.000 0.000 0.231 0.253 0.268 4 1.000 1.000 0
-0.2425 0.0000 0.0053 -0.000 -1.000 0.000 0.231 0.253 0.268 4 1.000 1.000 0
-0.1372 0.0000 0.2005 -0.928 0.000 0.372 0.159 0.173 0.249 4 1.000 1.000 0
-0.1372 0.0158 0.2005 -0.928 0.000 0.372 0.159 0.173 0.249 4 1.000 1.000 0
-0.1727 0.0158 0.1119 -0.928 0.000 0.372 0.159 0.173 0.249 4 1.000 1.000 0
-0.2057 0.0000 0.1843 -1.000 0.000 0.031 0.165 0.159 0.292 4 1.000 1.000 0
-0.2057 0.0158 0.1843 -1.000 0.000 0.031 0.165 0.159 0.292 4 1.000 1.000 0
-0.2082 0.0158 0.1038 -1.000 0.000 0.031 0.165 0.159 0.292 4 1.000 1.000 0
-0.2057 0.0000 0.1843 0.902 0.072 0.426 0.214 0.234 0.269 4 1.000 1.000 0
-0.1715 0.0000 0.1119 0.902 0.072 0.426 0.214 0.234 0.269 4 1.000 1.000 0
-0.1727 0.0158 0.1119 0.902 0.072 0.426 0.214 0.234 0.269 4 1.000 1.000 0
-0.1372 0.0158 0.1200 1.000 0.000 -0.000 0.149 0.153 0.255 4 1.000 1.000 0
-0.1372 0.0158 0.2005 1.000 0.000 -0.000 0.149 0.153 0.255 4 1.000 1.000 0
-0.1372 0.0000 0.2005 1.000 0.000 -0.000 0.149 0.153 0.255 4 1.000 1.000 0
0.1727 0.0158 0.1119 0.928 0.000 0.372 0.159 0.173 0.249 5 1.000 1.000 0
0.1372 0.0158 0.2005 0.928 0.000 0.372 0.159 0.173 0.249 5 1.000 1.000 0
0.1372 0.0000 0.2005 0.928 0.000 0.372 0.159 0.173 0.249 5 1.000 1.000 0
0.2057 0.0000 0.1843 0.987 -0.159 0.000 0.243 0.263 0.379 5 1.000 1.000 0
0.2057 0.0000 0.1038 0.987 -0.159 0.000 0.243 0.263 0.379 5 1.000 1.000 0
0.2082 0.0158 0.1038 0.987 -0.159 0.000 0.243 0.263 0.379 5 1.000 1.000 0
0.2057 0.0000 0.1843 -0.902 0.072 0.426 0.214 0.234 0.269 5 1.000 1.000 0
0.1727 0.0158 0.1119 -0.902 0.072 0.426 0.214 0.234 0.269 5 1.000 1.000 0
0.1715 0.0000 0.1119 -0.902 0.072 0.426 0.214 0.234 0.269 5 1.000 1.000 0
0.1372 0.0000 0.2005 -1.000 0.000 0.000 0.149 0.153 0.255 5 1.000 1.000 0
0.1372 0.0158 0.2005 -1.000 0.000 0.000 0.149 0.153 0.255 5 1.000 1.000 0
0.1372 0.0158 0.1200 -1.000 0.000 0.000 0.149 0.153 0.255 5 1.000 1.000 0
-0.0363 1.4653 -0.0526 0.000 0.932 -0.362 0.334 0.356 0.380 1 0.821 0.000 0
-0.0000 1.4534 -0.0831 0.000 0.932 -0.362 0.334 0.356 0.380 1 0.702 0.000 0
-0.0863 1.4534 -0.0831 0.000 0.932 -0.362 0.334 0.356 0.380 2 0.016 0.000 0
0.0863 1.4534 -0.0831 -0.000 0.932 -0.362 0.334 0.356 0.380 3 0.016 0.000 0
-0.0000 1.4534 -0.0831 -0.000 0.932 -0.362 0.334 0.356 0.380 1 0.702 0.000 0
0.0363 1.4653 -0.0526 -0.000 0.932 -0.362 0.334 0.356 0.380 1 0.821 0.000 0
